regiao;ano;semanaEpi;casosNovos;obitosNovos;casosAcumulado;obitosAcumulado;populacao;data_inicio
Centro-Oeste;2020;9;0;0;0.0;0;7018354.0;2020-02-24
Centro-Oeste;2020;10;1;0;1.0;0;7018354.0;2020-02-24
Centro-Oeste;2020;11;8;0;6.0;0;7018354.0;2020-03-02
Centro-Oeste;2020;12;129;0;100.0;0;7018354.0;2020-03-09
Centro-Oeste;2020;13;222;1;260.0;1;7018354.0;2020-03-16
Centro-Oeste;2020;14;317;10;454.0;7;7018354.0;2020-03-23
Centro-Oeste;2020;15;335;18;579.0;14;7018354.0;2020-03-30
Centro-Oeste;2020;16;462;23;762.0;24;7018354.0;2020-04-06
Centro-Oeste;2020;17;515;16;1013.0;26;7018354.0;2020-04-13
Centro-Oeste;2020;18;1030;16;1566.0;31;7018354.0;2020-04-20
Centro-Oeste;2020;19;1487;30;2576.0;47;7018354.0;2020-04-27
Centro-Oeste;2020;20;2656;55;4140.0;69;7018354.0;2020-05-04
Centro-Oeste;2020;21;3708;77;6251.0;95;7018354.0;2020-05-11
Centro-Oeste;2020;22;6009;116;9474.0;162;7018354.0;2020-05-18
Centro-Oeste;2020;23;10492;137;15850.0;208;7018354.0;2020-05-25
Centro-Oeste;2020;24;11359;226;21959.0;293;7018354.0;2020-06-01
Centro-Oeste;2020;25;22427;358;32238.0;404;7018354.0;2020-06-08
Centro-Oeste;2020;26;24447;488;42766.0;537;7018354.0;2020-06-15
Centro-Oeste;2020;27;28773;592;55760.0;755;7018354.0;2020-06-22
Centro-Oeste;2020;28;30427;734;68406.0;1029;7018354.0;2020-06-29
Centro-Oeste;2020;29;25867;778;81163.0;1305;7018354.0;2020-07-06
Centro-Oeste;2020;30;42267;836;94187.0;1566;7018354.0;2020-07-13
Centro-Oeste;2020;31;43000;903;107922.0;1849;7018354.0;2020-07-20
Centro-Oeste;2020;32;43950;859;121824.0;2061;7018354.0;2020-07-27
Centro-Oeste;2020;33;45367;888;135014.0;2319;7018354.0;2020-08-03
Centro-Oeste;2020;34;40228;1041;147127.0;2713;7018354.0;2020-08-10
Centro-Oeste;2020;35;42344;854;159526.0;3060;7018354.0;2020-08-17
Centro-Oeste;2020;36;39755;941;168605.0;3450;7018354.0;2020-08-24
Centro-Oeste;2020;37;33961;787;175646.0;3783;7018354.0;2020-08-31
Centro-Oeste;2020;38;40118;775;183096.0;4135;7018354.0;2020-09-07
Centro-Oeste;2020;39;34147;717;199601.0;4500;7018354.0;2020-09-14
Centro-Oeste;2020;40;32121;650;215938.0;4832;7018354.0;2020-09-21
Centro-Oeste;2020;41;25920;652;228538.0;5181;7018354.0;2020-09-28
Centro-Oeste;2020;42;19362;479;236814.0;5374;7018354.0;2020-10-05
Centro-Oeste;2020;43;21509;405;246835.0;5564;7018354.0;2020-10-12
Centro-Oeste;2020;44;19218;364;255447.0;5753;7018354.0;2020-10-19
Centro-Oeste;2020;45;13699;280;261114.0;5874;7018354.0;2020-10-26
Centro-Oeste;2020;46;18408;410;267377.0;6030;7018354.0;2020-11-02
Centro-Oeste;2020;47;16123;314;273066.0;6224;7018354.0;2020-11-09
Centro-Oeste;2020;48;19821;262;278809.0;6344;7018354.0;2020-11-16
Centro-Oeste;2020;49;23418;298;285953.0;6455;7018354.0;2020-11-23
Centro-Oeste;2020;50;24663;310;292689.0;6534;7018354.0;2020-11-30
Centro-Oeste;2020;51;25495;394;300276.0;6663;7018354.0;2020-12-07
Centro-Oeste;2020;52;20229;452;304389.0;6751;7018354.0;2020-12-14
Centro-Oeste;2020;53;17963;302;308868.0;6805;7018354.0;2020-12-21
Centro-Oeste;2021;1;28673;527;317024.0;6964;7018354.0;2020-12-28
Centro-Oeste;2021;2;32740;425;327937.0;7077;7018354.0;2021-01-04
Centro-Oeste;2021;3;31114;562;337974.0;7278;7018354.0;2021-01-11
Centro-Oeste;2021;4;33042;544;350349.0;7487;7018354.0;2021-01-18
Centro-Oeste;2021;5;27200;532;360626.0;7690;7018354.0;2021-01-25
Centro-Oeste;2021;6;26570;611;370804.0;7957;7018354.0;2021-02-01
Centro-Oeste;2021;7;27424;635;379981.0;8275;7018354.0;2021-02-08
Centro-Oeste;2021;8;36986;590;395572.0;8510;7018354.0;2021-02-15
Centro-Oeste;2021;9;42468;814;412205.0;8881;7018354.0;2021-02-22
Centro-Oeste;2021;10;48914;1289;432519.0;9537;7018354.0;2021-03-01
Centro-Oeste;2021;11;52210;1675;451369.0;10309;7018354.0;2021-03-08
Centro-Oeste;2021;12;58307;1945;474381.0;11085;7018354.0;2021-03-15
Centro-Oeste;2021;13;46712;2209;488558.0;11822;7018354.0;2021-03-22
Centro-Oeste;2021;14;50272;2392;506951.0;12743;7018354.0;2021-03-29
Centro-Oeste;2021;15;45241;2197;523287.0;13647;7018354.0;2021-04-05
Centro-Oeste;2021;16;38417;1913;537727.0;14465;7018354.0;2021-04-12
Centro-Oeste;2021;17;38798;1512;552461.0;15052;7018354.0;2021-04-19
Centro-Oeste;2021;18;36169;1323;566479.0;15576;7018354.0;2021-04-26
Centro-Oeste;2021;19;35925;1182;579268.0;16080;7018354.0;2021-05-03
Centro-Oeste;2021;20;43975;1098;594683.0;16531;7018354.0;2021-05-10
Centro-Oeste;2021;21;42633;1168;606874.0;16994;7018354.0;2021-05-17
Centro-Oeste;2021;22;43647;1171;621263.0;17403;7018354.0;2021-05-24
Centro-Oeste;2021;23;46659;1279;637861.0;17928;7018354.0;2021-05-31
Centro-Oeste;2021;24;44042;1227;654782.0;18455;7018354.0;2021-06-07
Centro-Oeste;2021;25;39990;1146;670637.0;18953;7018354.0;2021-06-14
Centro-Oeste;2021;26;30192;1000;682482.0;19371;7018354.0;2021-06-21
Centro-Oeste;2021;27;32009;806;696277.0;19722;7018354.0;2021-06-28
Centro-Oeste;2021;28;31126;721;709429.0;20050;7018354.0;2021-07-05
Centro-Oeste;2021;29;32844;799;725360.0;20439;7018354.0;2021-07-12
Centro-Oeste;2021;30;34326;671;742515.0;20764;7018354.0;2021-07-19
Centro-Oeste;2021;31;32987;929;760005.0;21278;7018354.0;2021-07-26
Centro-Oeste;2021;32;31582;824;776773.0;21735;7018354.0;2021-08-02
Centro-Oeste;2021;33;33744;677;796548.0;22082;7018354.0;2021-08-09
Centro-Oeste;2021;34;28126;587;812173.0;22355;7018354.0;2021-08-16
Centro-Oeste;2021;35;29342;576;827104.0;22645;7018354.0;2021-08-23
Centro-Oeste;2021;36;18127;499;836221.0;22912;7018354.0;2021-08-30
Centro-Oeste;2021;37;18590;406;844634.0;23134;7018354.0;2021-09-06
Centro-Oeste;2021;38;22810;419;856908.0;23352;7018354.0;2021-09-13
Centro-Oeste;2021;39;18823;376;865558.0;23533;7018354.0;2021-09-20
Centro-Oeste;2021;40;26037;340;879245.0;23714;7018354.0;2021-09-27
Centro-Oeste;2021;41;14200;382;885630.0;23941;7018354.0;2021-10-04
Centro-Oeste;2021;42;16218;254;895951.0;24066;7018354.0;2021-10-11
Centro-Oeste;2021;43;12936;248;904686.0;24195;7018354.0;2021-10-18
Centro-Oeste;2021;44;6778;189;908968.0;24313;7018354.0;2021-10-25
Centro-Oeste;2021;45;13504;149;919472.0;24393;7018354.0;2021-11-01
Centro-Oeste;2021;46;9257;89;926380.0;24420;7018354.0;2021-11-08
Centro-Oeste;2021;47;10809;140;934805.0;24504;7018354.0;2021-11-15
Centro-Oeste;2021;48;7351;106;939941.0;24580;7018354.0;2021-11-22
Centro-Oeste;2021;49;4792;66;943102.0;24604;7018354.0;2021-11-29
Centro-Oeste;2021;50;1141;41;943102.0;24604;7018354.0;2021-12-06
Centro-Oeste;2021;51;2989;84;944665.0;24653;7018354.0;2021-12-13
Centro-Oeste;2021;52;5637;59;947704.0;24678;7018354.0;2021-12-20
Centro-Oeste;2021;53;3610;60;309194.0;6805;7018354.0;2020-12-28
Centro-Oeste;2022;1;18878;81;953369.0;24724;7018354.0;2021-12-27
Centro-Oeste;2022;2;52103;102;969099.0;24765;7018354.0;2022-01-03
Centro-Oeste;2022;3;76416;186;998781.0;24858;7018354.0;2022-01-10
Centro-Oeste;2022;4;116023;324;1034279.0;25002;7018354.0;2022-01-17
Centro-Oeste;2022;5;117862;481;1067660.0;25188;7018354.0;2022-01-24
Centro-Oeste;2022;6;104071;439;1104524.0;25337;7018354.0;2022-01-31
Centro-Oeste;2022;7;90108;477;1139142.0;25520;7018354.0;2022-02-07
Centro-Oeste;2022;8;67399;467;1166106.0;25738;7018354.0;2022-02-14
Centro-Oeste;2022;9;36384;290;1183340.0;25832;7018354.0;2022-02-21
Centro-Oeste;2022;10;45337;309;1212987.0;26012;7018354.0;2022-02-28
Centro-Oeste;2022;11;45517;161;1247783.0;26067;7018354.0;2022-03-07
Centro-Oeste;2022;12;30033;192;1269307.0;26208;7018354.0;2022-03-14
Centro-Oeste;2022;13;18915;130;1282525.0;26281;7018354.0;2022-03-21
Centro-Oeste;2022;14;27035;103;1305639.0;26348;7018354.0;2022-03-28
Centro-Oeste;2022;15;14122;81;1315219.0;26398;7018354.0;2022-04-04
Centro-Oeste;2022;16;8024;32;1320492.0;26415;7018354.0;2022-04-11
Centro-Oeste;2022;17;12005;85;1328911.0;26474;7018354.0;2022-04-18
Centro-Oeste;2022;18;11139;69;1337062.0;26525;7018354.0;2022-04-25
Centro-Oeste;2022;19;13326;55;1346681.0;26557;7018354.0;2022-05-02
Centro-Oeste;2022;20;12116;65;1354364.0;26598;7018354.0;2022-05-09
Centro-Oeste;2022;21;19981;75;1366925.0;26647;7018354.0;2022-05-16
Centro-Oeste;2022;22;34537;29;1385182.0;26661;7018354.0;2022-05-23
Centro-Oeste;2022;23;55580;69;1409778.0;26706;7018354.0;2022-05-30
Centro-Oeste;2022;24;57426;98;1435583.0;26755;7018354.0;2022-06-06
Centro-Oeste;2022;25;75390;141;1472197.0;26823;7018354.0;2022-06-13
Centro-Oeste;2022;26;70843;173;1511645.0;26935;7018354.0;2022-06-20
Centro-Oeste;2022;27;62099;156;1546844.0;27009;7018354.0;2022-06-27
Centro-Oeste;2022;28;56905;130;1578572.0;27067;7018354.0;2022-07-04
Centro-Oeste;2022;29;35388;129;1594371.0;27128;7018354.0;2022-07-11
Centro-Oeste;2022;30;32353;117;1612702.0;27185;7018354.0;2022-07-18
Centro-Oeste;2022;31;39493;70;1640403.0;27211;7018354.0;2022-07-25
Centro-Oeste;2022;32;21868;118;1653810.0;27290;7018354.0;2022-08-01
Centro-Oeste;2022;33;16880;162;1664009.0;27413;7018354.0;2022-08-08
Centro-Oeste;2022;34;14556;40;1673552.0;27434;7018354.0;2022-08-15
Centro-Oeste;2022;35;11977;81;1681335.0;27487;7018354.0;2022-08-22
Centro-Oeste;2022;36;8298;42;1687424.0;27509;7018354.0;2022-08-29
Centro-Oeste;2022;37;7800;21;1693286.0;27520;7018354.0;2022-09-05
Centro-Oeste;2022;38;8230;23;1699774.0;27526;7018354.0;2022-09-12
Centro-Oeste;2022;39;7952;19;1705757.0;27537;7018354.0;2022-09-19
Centro-Oeste;2022;40;5977;11;1710393.0;27546;7018354.0;2022-09-26
Centro-Oeste;2022;41;5381;17;1715073.0;27559;7018354.0;2022-10-03
Centro-Oeste;2022;42;8952;24;1721089.0;27576;7018354.0;2022-10-10
Centro-Oeste;2022;43;5863;5;1725423.0;27578;7018354.0;2022-10-17
Centro-Oeste;2022;44;3268;8;1727729.0;27581;7018354.0;2022-10-24
Centro-Oeste;2022;45;9430;13;1735638.0;27593;7018354.0;2022-10-31
Centro-Oeste;2022;46;7031;11;1739466.0;27595;7018354.0;2022-11-07
Centro-Oeste;2022;47;8967;32;1743272.0;27623;7018354.0;2022-11-14
Centro-Oeste;2022;48;12863;23;1746613.0;27637;7018354.0;2022-11-21
Centro-Oeste;2022;49;18720;27;1756789.0;27657;7018354.0;2022-11-28
Centro-Oeste;2022;50;56381;50;1789113.0;27674;7018354.0;2022-12-05
Centro-Oeste;2022;51;41635;70;1812285.0;27715;7018354.0;2022-12-12
Centro-Oeste;2022;52;23884;98;1823980.0;27766;7018354.0;2021-12-27
Centro-Oeste;2023;1;30329;102;1984674.0;28447;7018354.0;2022-12-26
Centro-Oeste;2023;2;19381;65;1852796.0;27857;7018354.0;2023-01-02
Centro-Oeste;2023;3;16927;75;1864120.0;27890;7018354.0;2023-01-09
Centro-Oeste;2023;4;12956;50;1873285.0;27925;7018354.0;2023-01-16
Centro-Oeste;2023;5;7985;50;1878299.0;27964;7018354.0;2023-01-23
Centro-Oeste;2023;6;8756;38;1884244.0;27989;7018354.0;2023-01-30
Centro-Oeste;2023;7;10119;32;1891436.0;28011;7018354.0;2023-02-06
Centro-Oeste;2023;8;5950;24;1894822.0;28024;7018354.0;2023-02-13
Centro-Oeste;2023;9;8826;34;1900459.0;28041;7018354.0;2023-02-20
Centro-Oeste;2023;10;3892;10;1903288.0;28045;7018354.0;2023-02-27
Centro-Oeste;2023;11;4525;21;1906503.0;28057;7018354.0;2023-03-06
Centro-Oeste;2023;12;5544;26;1909208.0;28077;7018354.0;2023-03-13
Centro-Oeste;2023;13;5502;24;1912646.0;28097;7018354.0;2023-03-20
Centro-Oeste;2023;14;5810;17;1916268.0;28109;7018354.0;2023-03-27
Centro-Oeste;2023;15;5567;19;1919890.0;28122;7018354.0;2023-04-03
Centro-Oeste;2023;16;3682;25;1922128.0;28142;7018354.0;2023-04-10
Centro-Oeste;2023;17;4688;20;1925303.0;28155;7018354.0;2023-04-17
Centro-Oeste;2023;18;1344;7;1925303.0;28155;7018354.0;2023-04-24
Centro-Oeste;2023;19;7499;34;1931438.0;28183;7018354.0;2023-05-01
Centro-Oeste;2023;20;2431;7;1932107.0;28186;7018354.0;2023-05-08
Centro-Oeste;2023;21;1944;23;1932515.0;28200;7018354.0;2023-05-15
Centro-Oeste;2023;22;5247;26;1936080.0;28214;7018354.0;2023-05-22
Centro-Oeste;2023;23;1544;18;1937169.0;28221;7018354.0;2023-05-29
Centro-Oeste;2023;24;2789;30;1938583.0;28246;7018354.0;2023-06-05
Centro-Oeste;2023;25;3469;15;1941547.0;28254;7018354.0;2023-06-12
Centro-Oeste;2023;26;472;5;1941547.0;28254;7018354.0;2023-06-19
Centro-Oeste;2023;27;1380;5;1941547.0;28254;7018354.0;2023-06-26
Centro-Oeste;2023;28;1192;35;1942483.0;28287;7018354.0;2023-07-03
Centro-Oeste;2023;29;3069;13;1945262.0;28297;7018354.0;2023-07-10
Centro-Oeste;2023;30;4130;21;1948620.0;28307;7018354.0;2023-07-17
Centro-Oeste;2023;31;1187;13;1949272.0;28311;7018354.0;2023-07-24
Centro-Oeste;2023;32;941;21;1949768.0;28321;7018354.0;2023-07-31
Centro-Oeste;2023;33;797;13;1950103.0;28328;7018354.0;2023-08-07
Centro-Oeste;2023;34;3931;19;1952942.0;28336;7018354.0;2023-08-14
Centro-Oeste;2023;35;2765;12;1955047.0;28346;7018354.0;2023-08-21
Centro-Oeste;2023;36;670;7;1955047.0;28346;7018354.0;2023-08-28
Centro-Oeste;2023;37;6671;20;1960346.0;28359;7018354.0;2023-09-04
Centro-Oeste;2023;38;2168;6;1960346.0;28359;7018354.0;2023-09-11
Centro-Oeste;2023;39;7343;21;1965712.0;28369;7018354.0;2023-09-18
Centro-Oeste;2023;40;1702;21;1965712.0;28369;7018354.0;2023-09-25
Centro-Oeste;2023;41;-8035;29;1965712.0;28382;7018354.0;2023-10-02
Centro-Oeste;2023;42;17605;24;1971841.0;28394;7018354.0;2023-10-09
Centro-Oeste;2023;43;2616;10;1974133.0;28402;7018354.0;2023-10-16
Centro-Oeste;2023;44;18042;15;1989680.0;28412;7018354.0;2023-10-23
Centro-Oeste;2023;45;-11283;15;1989680.0;28417;7018354.0;2023-10-30
Centro-Oeste;2023;46;3184;6;1979114.0;28421;7018354.0;2023-11-06
Centro-Oeste;2023;47;2855;18;1980641.0;28430;7018354.0;2023-11-13
Centro-Oeste;2023;48;2055;18;1981763.0;28436;7018354.0;2023-11-20
Centro-Oeste;2023;49;1870;15;1982891.0;28443;7018354.0;2023-11-27
Centro-Oeste;2023;50;1586;4;1983767.0;28443;7018354.0;2023-12-04
Centro-Oeste;2023;51;1218;14;1984358.0;28444;7018354.0;2023-12-11
Centro-Oeste;2023;52;716;6;1984674.0;28447;7018354.0;2023-12-18
Centro-Oeste;2024;1;961;13;2060518.0;28669;7018354.0;2024-01-01
Centro-Oeste;2024;2;-802;12;1986386.0;28461;7018354.0;2024-01-01
Centro-Oeste;2024;3;10145;27;1987550.0;28465;7018354.0;2024-01-08
Centro-Oeste;2024;4;4760;22;1989683.0;28479;7018354.0;2024-01-15
Centro-Oeste;2024;5;8878;24;1993663.0;28483;7018354.0;2024-01-22
Centro-Oeste;2024;6;12772;16;1998381.0;28485;7018354.0;2024-01-29
Centro-Oeste;2024;7;10823;26;2003489.0;28491;7018354.0;2024-02-05
Centro-Oeste;2024;8;13201;22;2013045.0;28503;7018354.0;2024-02-12
Centro-Oeste;2024;9;19792;33;2022917.0;28514;7018354.0;2024-02-19
Centro-Oeste;2024;10;9445;30;2026993.0;28528;7018354.0;2024-02-26
Centro-Oeste;2024;11;5958;31;2029695.0;28544;7018354.0;2024-03-04
Centro-Oeste;2024;12;3726;25;2030728.0;28555;7018354.0;2024-03-11
Centro-Oeste;2024;13;2107;12;2031693.0;28560;7018354.0;2024-03-18
Centro-Oeste;2024;14;1801;7;2032359.0;28563;7018354.0;2024-03-25
Centro-Oeste;2024;15;3560;5;2032944.0;28564;7018354.0;2024-04-01
Centro-Oeste;2024;16;1294;10;2033395.0;28567;7018354.0;2024-04-08
Centro-Oeste;2024;17;753;5;2033710.0;28567;7018354.0;2024-04-15
Centro-Oeste;2024;18;558;6;2034061.0;28572;7018354.0;2024-04-22
Centro-Oeste;2024;19;701;6;2034445.0;28572;7018354.0;2024-04-29
Centro-Oeste;2024;20;971;5;2034979.0;28575;7018354.0;2024-05-06
Centro-Oeste;2024;21;594;3;2035414.0;28577;7018354.0;2024-05-13
Centro-Oeste;2024;22;283;0;2035600.0;28577;7018354.0;2024-05-20
Centro-Oeste;2024;23;136;1;2035634.0;28577;7018354.0;2024-05-27
Centro-Oeste;2024;24;119;1;2035634.0;28577;7018354.0;2024-06-03
Centro-Oeste;2024;25;1790;11;2037061.0;28584;7018354.0;2024-06-10
Centro-Oeste;2024;26;557;2;2037433.0;28586;7018354.0;2024-06-17
Centro-Oeste;2024;27;881;0;2038006.0;28586;7018354.0;2024-06-24
Centro-Oeste;2024;28;1137;0;2038909.0;28586;7018354.0;2024-07-01
Centro-Oeste;2024;29;998;3;2039578.0;28586;7018354.0;2024-07-08
Centro-Oeste;2024;30;625;9;2039756.0;28592;7018354.0;2024-07-15
Centro-Oeste;2024;31;1127;2;2039756.0;28592;7018354.0;2024-07-22
Centro-Oeste;2024;32;3315;10;2042649.0;28602;7018354.0;2024-07-29
Centro-Oeste;2024;33;1472;11;2043881.0;28603;7018354.0;2024-08-05
Centro-Oeste;2024;34;3746;6;2045462.0;28604;7018354.0;2024-08-12
Centro-Oeste;2024;35;1410;10;2045510.0;28604;7018354.0;2024-08-19
Centro-Oeste;2024;36;6363;22;2050499.0;28619;7018354.0;2024-08-26
Centro-Oeste;2024;37;3069;0;2052757.0;28619;7018354.0;2024-09-02
Centro-Oeste;2024;38;3463;39;2055042.0;28642;7018354.0;2024-09-09
Centro-Oeste;2024;39;2687;9;2056648.0;28642;7018354.0;2024-09-16
Centro-Oeste;2024;40;2118;17;2058164.0;28656;7018354.0;2024-09-23
Centro-Oeste;2024;41;2450;6;2060053.0;28656;7018354.0;2024-09-30
Centro-Oeste;2024;42;724;5;2060053.0;28656;7018354.0;2024-10-07
Centro-Oeste;2024;43;1905;27;2060518.0;28669;7018354.0;2024-10-14
Centro-Oeste;2024;44;255;1;2060518.0;28669;7018354.0;2024-10-21
Centro-Oeste;2024;45;306;1;2060518.0;28669;7018354.0;2024-10-28
Centro-Oeste;2024;46;133;0;2060518.0;28669;7018354.0;2024-11-04
Centro-Oeste;2024;47;310;3;2060518.0;28669;7018354.0;2024-11-11
Centro-Oeste;2024;48;215;5;2060518.0;28669;7018354.0;2024-11-18
Centro-Oeste;2024;49;215;2;2060518.0;28669;7018354.0;2024-11-25
Centro-Oeste;2024;50;-724;1;2060518.0;28669;7018354.0;2024-12-02
Centro-Oeste;2024;51;294;1;2060518.0;28669;7018354.0;2024-12-09
Centro-Oeste;2024;52;118;2;2060518.0;28669;7018354.0;2024-12-16
Centro-Oeste;2025;1;14692;-102;2074746.0;28669;7018354.0;2024-12-30
Centro-Oeste;2025;2;868;3;2074746.0;28563;7018354.0;2024-12-30
Centro-Oeste;2025;3;1359;7;2074746.0;28563;7018354.0;2025-01-06
Centro-Oeste;2025;4;1646;4;2074746.0;28563;7018354.0;2025-01-13
Centro-Oeste;2025;5;1726;2;2074746.0;28563;7018354.0;2025-01-20
Centro-Oeste;2025;6;2604;12;2074746.0;28563;7018354.0;2025-01-27
Centro-Oeste;2025;7;2376;6;2074746.0;28563;7018354.0;2025-02-03
Centro-Oeste;2025;8;2656;4;2074746.0;28563;7018354.0;2025-02-10
Centro-Oeste;2025;9;1022;0;2074746.0;28563;7018354.0;2025-02-17
Centro-Oeste;2025;10;-1072;46;2074746.0;28602;7018354.0;2025-02-24
Centro-Oeste;2025;11;3028;3;2072240.0;28605;7018354.0;2025-03-03
Centro-Oeste;2025;12;999;2;2072782.0;28605;7018354.0;2025-03-10
Centro-Oeste;2025;13;1527;14;2073131.0;28612;7018354.0;2025-03-17
Centro-Oeste;2025;14;600;4;2073462.0;28615;7018354.0;2025-03-24
Centro-Oeste;2025;15;-381;3;2073462.0;28615;7018354.0;2025-03-31
Centro-Oeste;2025;16;195;2;2073462.0;28615;7018354.0;2025-04-07
Centro-Oeste;2025;17;838;22;2074085.0;28631;7018354.0;2025-04-14
Centro-Oeste;2025;18;162;0;2074085.0;28631;7018354.0;2025-04-21
Centro-Oeste;2025;19;1904;4;2074476.0;28633;7018354.0;2025-04-28
Centro-Oeste;2025;20;603;10;2074660.0;28639;7018354.0;2025-05-05
Centro-Oeste;2025;21;220;3;2074859.0;28642;7018354.0;2025-05-12
Centro-Oeste;2025;22;53;1;2074859.0;28643;7018354.0;2025-05-19
Centro-Oeste;2025;23;120;2;2074837.0;28643;7018354.0;2025-05-26
Centro-Oeste;2025;24;364;3;2075119.0;28645;7018354.0;2025-06-02
Centro-Oeste;2025;25;338;1;2075395.0;28646;7018354.0;2025-06-09
Centro-Oeste;2025;26;242;1;2075593.0;28646;7018354.0;2025-06-16
Centro-Oeste;2025;27;453;4;2075806.0;28649;7018354.0;2025-06-23
Centro-Oeste;2025;28;300;0;2075963.0;28649;7018354.0;2025-06-30
Centro-Oeste;2025;29;9;0;2075963.0;28649;7018354.0;2025-07-07
Centro-Oeste;2025;30;-20;5;2075918.0;28652;7018354.0;2025-07-14
Centro-Oeste;2025;31;-46;2;2075830.0;28654;7018354.0;2025-07-21
Centro-Oeste;2025;32;-194;3;2075584.0;28657;7018354.0;2025-07-28
Centro-Oeste;2025;33;405;0;2075338.0;28657;7018354.0;2025-08-04
Centro-Oeste;2025;34;878;7;2075847.0;28660;7018354.0;2025-08-11
Centro-Oeste;2025;35;1523;2;2076631.0;28660;7018354.0;2025-08-18
Centro-Oeste;2025;36;0;0;2076631.0;28660;7018354.0;2025-08-25
Nordeste;2020;9;0;0;0.0;0;14873064.0;2020-02-24
Nordeste;2020;10;2;0;2.0;0;14873064.0;2020-02-24
Nordeste;2020;11;4;0;2.0;0;14873064.0;2020-03-02
Nordeste;2020;12;162;0;68.0;0;14873064.0;2020-03-09
Nordeste;2020;13;461;11;314.0;5;14873064.0;2020-03-16
Nordeste;2020;14;1045;49;730.0;22;14873064.0;2020-03-23
Nordeste;2020;15;2258;162;1582.0;72;14873064.0;2020-03-30
Nordeste;2020;16;4673;319;3034.0;205;14873064.0;2020-04-06
Nordeste;2020;17;7769;466;5421.0;381;14873064.0;2020-04-13
Nordeste;2020;18;12225;821;8231.0;628;14873064.0;2020-04-20
Nordeste;2020;19;20974;1160;15879.0;1062;14873064.0;2020-04-27
Nordeste;2020;20;29030;1544;23795.0;1614;14873064.0;2020-05-04
Nordeste;2020;21;42543;1998;35122.0;2308;14873064.0;2020-05-11
Nordeste;2020;22;50296;2136;46506.0;2956;14873064.0;2020-05-18
Nordeste;2020;23;66540;2465;63575.0;3965;14873064.0;2020-05-25
Nordeste;2020;24;64749;2551;76429.0;4829;14873064.0;2020-06-01
Nordeste;2020;25;74237;2272;92156.0;5518;14873064.0;2020-06-08
Nordeste;2020;26;77589;2411;106628.0;5981;14873064.0;2020-06-15
Nordeste;2020;27;89302;2411;120952.0;6411;14873064.0;2020-06-22
Nordeste;2020;28;82184;2313;135945.0;6853;14873064.0;2020-06-29
Nordeste;2020;29;71167;2165;146544.0;7173;14873064.0;2020-07-06
Nordeste;2020;30;90637;1997;161597.0;7476;14873064.0;2020-07-13
Nordeste;2020;31;88463;1770;175928.0;7698;14873064.0;2020-07-20
Nordeste;2020;32;77958;1654;191401.0;7951;14873064.0;2020-07-27
Nordeste;2020;33;70038;1524;214379.0;8129;14873064.0;2020-08-03
Nordeste;2020;34;60233;1455;234204.0;8286;14873064.0;2020-08-10
Nordeste;2020;35;60562;1281;254790.0;8382;14873064.0;2020-08-17
Nordeste;2020;36;52408;978;270177.0;8565;14873064.0;2020-08-24
Nordeste;2020;37;37194;955;281665.0;8685;14873064.0;2020-08-31
Nordeste;2020;38;41402;909;294210.0;8801;14873064.0;2020-09-07
Nordeste;2020;39;36250;931;305186.0;8913;14873064.0;2020-09-14
Nordeste;2020;40;33815;928;314711.0;9050;14873064.0;2020-09-21
Nordeste;2020;41;46915;675;324964.0;9130;14873064.0;2020-09-28
Nordeste;2020;42;32521;760;334697.0;9207;14873064.0;2020-10-05
Nordeste;2020;43;33210;540;344014.0;9246;14873064.0;2020-10-12
Nordeste;2020;44;28601;628;353157.0;9353;14873064.0;2020-10-19
Nordeste;2020;45;26419;550;362563.0;9393;14873064.0;2020-10-26
Nordeste;2020;46;32485;530;372727.0;9439;14873064.0;2020-11-02
Nordeste;2020;47;35626;522;383945.0;9487;14873064.0;2020-11-09
Nordeste;2020;48;48453;571;398504.0;9598;14873064.0;2020-11-16
Nordeste;2020;49;53028;627;419044.0;9693;14873064.0;2020-11-23
Nordeste;2020;50;68726;713;443465.0;9774;14873064.0;2020-11-30
Nordeste;2020;51;65351;804;468003.0;9909;14873064.0;2020-12-07
Nordeste;2020;52;48696;708;482113.0;9952;14873064.0;2020-12-14
Nordeste;2020;53;42839;556;493400.0;9990;14873064.0;2020-12-21
Nordeste;2021;1;55743;882;511192.0;10137;14873064.0;2020-12-28
Nordeste;2021;2;67328;866;534371.0;10223;14873064.0;2021-01-04
Nordeste;2021;3;71647;889;562466.0;10320;14873064.0;2021-01-11
Nordeste;2021;4;70047;878;585958.0;10465;14873064.0;2021-01-18
Nordeste;2021;5;64217;971;606062.0;10611;14873064.0;2021-01-25
Nordeste;2021;6;65101;1021;627265.0;10741;14873064.0;2021-02-01
Nordeste;2021;7;84498;1298;651484.0;11128;14873064.0;2021-02-08
Nordeste;2021;8;81733;1602;680904.0;11729;14873064.0;2021-02-15
Nordeste;2021;9;90932;2104;710900.0;12448;14873064.0;2021-02-22
Nordeste;2021;10;101076;2446;740148.0;13159;14873064.0;2021-03-01
Nordeste;2021;11;104840;2944;767134.0;14000;14873064.0;2021-03-08
Nordeste;2021;12;107796;3251;791481.0;14886;14873064.0;2021-03-15
Nordeste;2021;13;100360;3404;813794.0;15660;14873064.0;2021-03-22
Nordeste;2021;14;110279;3727;835962.0;16445;14873064.0;2021-03-29
Nordeste;2021;15;108289;3375;859760.0;17228;14873064.0;2021-04-05
Nordeste;2021;16;104923;3103;880803.0;17908;14873064.0;2021-04-12
Nordeste;2021;17;106593;3143;905113.0;18561;14873064.0;2021-04-19
Nordeste;2021;18;107455;2727;928437.0;19165;14873064.0;2021-04-26
Nordeste;2021;19;121794;2734;952796.0;19831;14873064.0;2021-05-03
Nordeste;2021;20;117984;2787;980712.0;20363;14873064.0;2021-05-10
Nordeste;2021;21;127609;2762;1010166.0;21074;14873064.0;2021-05-17
Nordeste;2021;22;113397;2593;1032454.0;21707;14873064.0;2021-05-24
Nordeste;2021;23;114382;2894;1062742.0;22425;14873064.0;2021-05-31
Nordeste;2021;24;125179;2823;1092772.0;23104;14873064.0;2021-06-07
Nordeste;2021;25;131532;2285;1117408.0;23709;14873064.0;2021-06-14
Nordeste;2021;26;78281;1917;1135261.0;24235;14873064.0;2021-06-21
Nordeste;2021;27;73326;1689;1155841.0;24742;14873064.0;2021-06-28
Nordeste;2021;28;53420;1341;1171292.0;25166;14873064.0;2021-07-05
Nordeste;2021;29;43650;1200;1184314.0;25485;14873064.0;2021-07-12
Nordeste;2021;30;36912;947;1193689.0;25750;14873064.0;2021-07-19
Nordeste;2021;31;29124;986;1201950.0;25954;14873064.0;2021-07-26
Nordeste;2021;32;24805;702;1208878.0;26118;14873064.0;2021-08-02
Nordeste;2021;33;21890;678;1214324.0;26260;14873064.0;2021-08-09
Nordeste;2021;34;19465;510;1219440.0;26416;14873064.0;2021-08-16
Nordeste;2021;35;17742;496;1223769.0;26565;14873064.0;2021-08-23
Nordeste;2021;36;11877;331;1225697.0;26633;14873064.0;2021-08-30
Nordeste;2021;37;13553;377;1228777.0;26752;14873064.0;2021-09-06
Nordeste;2021;38;-4455;279;1231753.0;26833;14873064.0;2021-09-13
Nordeste;2021;39;30538;275;1234812.0;26870;14873064.0;2021-09-20
Nordeste;2021;40;10935;281;1237470.0;26916;14873064.0;2021-09-27
Nordeste;2021;41;9345;287;1239650.0;26967;14873064.0;2021-10-04
Nordeste;2021;42;12093;276;1242821.0;27017;14873064.0;2021-10-11
Nordeste;2021;43;12310;263;1246064.0;27076;14873064.0;2021-10-18
Nordeste;2021;44;19179;189;1248550.0;27117;14873064.0;2021-10-25
Nordeste;2021;45;17155;239;1251866.0;27171;14873064.0;2021-11-01
Nordeste;2021;46;11221;263;1255237.0;27227;14873064.0;2021-11-08
Nordeste;2021;47;12164;257;1258872.0;27282;14873064.0;2021-11-15
Nordeste;2021;48;13834;255;1262581.0;27341;14873064.0;2021-11-22
Nordeste;2021;49;10923;254;1264804.0;27386;14873064.0;2021-11-29
Nordeste;2021;50;3582;195;1264804.0;27430;14873064.0;2021-12-06
Nordeste;2021;51;4717;171;1264804.0;27464;14873064.0;2021-12-13
Nordeste;2021;52;12442;165;1270858.0;27506;14873064.0;2021-12-20
Nordeste;2021;53;8899;180;495286.0;10015;14873064.0;2020-12-28
Nordeste;2022;1;28798;235;1276832.0;27589;14873064.0;2021-12-27
Nordeste;2022;2;36898;207;1287084.0;27658;14873064.0;2022-01-03
Nordeste;2022;3;82564;397;1312371.0;27770;14873064.0;2022-01-10
Nordeste;2022;4;226490;602;1355500.0;27907;14873064.0;2022-01-17
Nordeste;2022;5;269285;992;1406018.0;28164;14873064.0;2022-01-24
Nordeste;2022;6;175563;1280;1452365.0;28477;14873064.0;2022-01-31
Nordeste;2022;7;137997;1231;1484531.0;28882;14873064.0;2022-02-07
Nordeste;2022;8;96201;991;1501100.0;29143;14873064.0;2022-02-14
Nordeste;2022;9;36705;840;1508971.0;29357;14873064.0;2022-02-21
Nordeste;2022;10;57930;350;1518103.0;29484;14873064.0;2022-02-28
Nordeste;2022;11;43310;389;1524423.0;29582;14873064.0;2022-03-07
Nordeste;2022;12;30179;272;1529008.0;29657;14873064.0;2022-03-14
Nordeste;2022;13;24200;256;1533984.0;29723;14873064.0;2022-03-21
Nordeste;2022;14;20468;223;1536763.0;29768;14873064.0;2022-03-28
Nordeste;2022;15;12668;134;1539017.0;29802;14873064.0;2022-04-04
Nordeste;2022;16;11021;132;1541055.0;29834;14873064.0;2022-04-11
Nordeste;2022;17;11625;111;1542880.0;29856;14873064.0;2022-04-18
Nordeste;2022;18;9146;127;1544552.0;29871;14873064.0;2022-04-25
Nordeste;2022;19;8562;90;1545962.0;29891;14873064.0;2022-05-02
Nordeste;2022;20;4682;101;1546724.0;29917;14873064.0;2022-05-09
Nordeste;2022;21;10096;93;1548454.0;29926;14873064.0;2022-05-16
Nordeste;2022;22;11234;93;1549865.0;29942;14873064.0;2022-05-23
Nordeste;2022;23;20890;86;1554463.0;29956;14873064.0;2022-05-30
Nordeste;2022;24;25144;81;1558963.0;29981;14873064.0;2022-06-06
Nordeste;2022;25;42273;149;1566377.0;30011;14873064.0;2022-06-13
Nordeste;2022;26;68706;194;1584287.0;30045;14873064.0;2022-06-20
Nordeste;2022;27;82119;257;1610340.0;30077;14873064.0;2022-06-27
Nordeste;2022;28;123044;327;1633038.0;30178;14873064.0;2022-07-04
Nordeste;2022;29;60201;312;1648557.0;30266;14873064.0;2022-07-11
Nordeste;2022;30;43464;315;1660378.0;30354;14873064.0;2022-07-18
Nordeste;2022;31;32415;258;1668396.0;30448;14873064.0;2022-07-25
Nordeste;2022;32;25240;195;1675401.0;30514;14873064.0;2022-08-01
Nordeste;2022;33;17685;188;1680456.0;30572;14873064.0;2022-08-08
Nordeste;2022;34;18746;163;1684771.0;30624;14873064.0;2022-08-15
Nordeste;2022;35;12504;124;1687870.0;30663;14873064.0;2022-08-22
Nordeste;2022;36;10117;78;1690268.0;30676;14873064.0;2022-08-29
Nordeste;2022;37;11378;62;1692875.0;30688;14873064.0;2022-09-05
Nordeste;2022;38;7848;56;1695786.0;30696;14873064.0;2022-09-12
Nordeste;2022;39;6720;90;1698098.0;30703;14873064.0;2022-09-19
Nordeste;2022;40;5578;81;1699232.0;30715;14873064.0;2022-09-26
Nordeste;2022;41;4763;58;1700826.0;30737;14873064.0;2022-10-03
Nordeste;2022;42;4559;130;1701630.0;30765;14873064.0;2022-10-10
Nordeste;2022;43;5088;234;1703419.0;30787;14873064.0;2022-10-17
Nordeste;2022;44;4212;65;1704438.0;30795;14873064.0;2022-10-24
Nordeste;2022;45;7418;30;1705450.0;30800;14873064.0;2022-10-31
Nordeste;2022;46;16893;34;1708438.0;30805;14873064.0;2022-11-07
Nordeste;2022;47;38699;83;1714647.0;30826;14873064.0;2022-11-14
Nordeste;2022;48;51977;133;1724041.0;30877;14873064.0;2022-11-21
Nordeste;2022;49;47378;136;1732712.0;30918;14873064.0;2022-11-28
Nordeste;2022;50;65496;336;1751830.0;31062;14873064.0;2022-12-05
Nordeste;2022;51;42222;204;1762947.0;31148;14873064.0;2022-12-12
Nordeste;2022;52;25943;252;1769063.0;31230;14873064.0;2021-12-27
Nordeste;2023;1;22172;131;1823743.0;31857;14873064.0;2022-12-26
Nordeste;2023;2;19099;86;1780214.0;31318;14873064.0;2023-01-02
Nordeste;2023;3;14975;77;1783585.0;31350;14873064.0;2023-01-09
Nordeste;2023;4;15623;79;1785964.0;31383;14873064.0;2023-01-16
Nordeste;2023;5;8838;48;1787303.0;31395;14873064.0;2023-01-23
Nordeste;2023;6;7400;63;1788956.0;31424;14873064.0;2023-01-30
Nordeste;2023;7;6914;32;1790221.0;31441;14873064.0;2023-02-06
Nordeste;2023;8;3385;302;1791129.0;31447;14873064.0;2023-02-13
Nordeste;2023;9;7441;65;1792572.0;31459;14873064.0;2023-02-20
Nordeste;2023;10;8237;29;1793882.0;31473;14873064.0;2023-02-27
Nordeste;2023;11;5938;26;1794715.0;31481;14873064.0;2023-03-06
Nordeste;2023;12;4935;39;1795510.0;31489;14873064.0;2023-03-13
Nordeste;2023;13;4782;41;1796350.0;31515;14873064.0;2023-03-20
Nordeste;2023;14;4661;23;1796927.0;31519;14873064.0;2023-03-27
Nordeste;2023;15;5811;36;1797629.0;31525;14873064.0;2023-04-03
Nordeste;2023;16;6196;40;1798378.0;31542;14873064.0;2023-04-10
Nordeste;2023;17;6468;101;1799158.0;31560;14873064.0;2023-04-17
Nordeste;2023;18;3178;38;1799611.0;31574;14873064.0;2023-04-24
Nordeste;2023;19;7028;69;1800158.0;31593;14873064.0;2023-05-01
Nordeste;2023;20;5317;66;1800911.0;31601;14873064.0;2023-05-08
Nordeste;2023;21;5632;50;1801611.0;31610;14873064.0;2023-05-15
Nordeste;2023;22;5592;188;1802268.0;31621;14873064.0;2023-05-22
Nordeste;2023;23;3200;41;1802719.0;31630;14873064.0;2023-05-29
Nordeste;2023;24;2712;38;1803101.0;31638;14873064.0;2023-06-05
Nordeste;2023;25;3172;33;1803323.0;31646;14873064.0;2023-06-12
Nordeste;2023;26;2193;47;1803772.0;31658;14873064.0;2023-06-19
Nordeste;2023;27;2668;51;1804239.0;31665;14873064.0;2023-06-26
Nordeste;2023;28;2716;42;1804610.0;31670;14873064.0;2023-07-03
Nordeste;2023;29;2226;29;1804836.0;31677;14873064.0;2023-07-10
Nordeste;2023;30;1408;38;1805113.0;31688;14873064.0;2023-07-17
Nordeste;2023;31;538;17;1805388.0;31696;14873064.0;2023-07-24
Nordeste;2023;32;1366;39;1805486.0;31707;14873064.0;2023-07-31
Nordeste;2023;33;955;57;1805591.0;31717;14873064.0;2023-08-07
Nordeste;2023;34;1132;57;1805797.0;31719;14873064.0;2023-08-14
Nordeste;2023;35;851;12;1805982.0;31719;14873064.0;2023-08-21
Nordeste;2023;36;456;15;1806183.0;31720;14873064.0;2023-08-28
Nordeste;2023;37;1035;12;1806307.0;31721;14873064.0;2023-09-04
Nordeste;2023;38;1046;23;1806637.0;31722;14873064.0;2023-09-11
Nordeste;2023;39;873;45;1806959.0;31728;14873064.0;2023-09-18
Nordeste;2023;40;498;10;1807104.0;31729;14873064.0;2023-09-25
Nordeste;2023;41;437;11;1807252.0;31730;14873064.0;2023-10-02
Nordeste;2023;42;810;36;1807531.0;31736;14873064.0;2023-10-09
Nordeste;2023;43;1166;14;1808176.0;31738;14873064.0;2023-10-16
Nordeste;2023;44;1275;19;1809050.0;31741;14873064.0;2023-10-23
Nordeste;2023;45;2035;14;1810406.0;31749;14873064.0;2023-10-30
Nordeste;2023;46;2000;23;1812563.0;31761;14873064.0;2023-11-06
Nordeste;2023;47;4592;27;1815322.0;31779;14873064.0;2023-11-13
Nordeste;2023;48;4754;43;1817959.0;31797;14873064.0;2023-11-20
Nordeste;2023;49;7432;36;1819555.0;31816;14873064.0;2023-11-27
Nordeste;2023;50;15287;46;1821586.0;31832;14873064.0;2023-12-04
Nordeste;2023;51;9197;55;1822951.0;31847;14873064.0;2023-12-11
Nordeste;2023;52;18033;40;1823743.0;31857;14873064.0;2023-12-18
Nordeste;2024;1;9712;26;1847242.0;32068;14873064.0;2024-01-01
Nordeste;2024;2;13614;45;1825353.0;31891;14873064.0;2024-01-01
Nordeste;2024;3;12781;59;1826323.0;31898;14873064.0;2024-01-08
Nordeste;2024;4;7190;44;1827396.0;31911;14873064.0;2024-01-15
Nordeste;2024;5;6447;37;1828183.0;31913;14873064.0;2024-01-22
Nordeste;2024;6;2574;43;1828841.0;31925;14873064.0;2024-01-29
Nordeste;2024;7;1429;34;1829356.0;31937;14873064.0;2024-02-05
Nordeste;2024;8;5141;10;1830123.0;31953;14873064.0;2024-02-12
Nordeste;2024;9;2206;16;1830779.0;31960;14873064.0;2024-02-19
Nordeste;2024;10;1687;13;1831357.0;31964;14873064.0;2024-02-26
Nordeste;2024;11;6862;17;1838483.0;31974;14873064.0;2024-03-04
Nordeste;2024;12;2644;17;1839230.0;31977;14873064.0;2024-03-11
Nordeste;2024;13;671;173;1839594.0;31984;14873064.0;2024-03-18
Nordeste;2024;14;-18249;-251;1839857.0;31990;14873064.0;2024-03-25
Nordeste;2024;15;19349;264;1840099.0;31992;14873064.0;2024-04-01
Nordeste;2024;16;1130;-148;1840337.0;31995;14873064.0;2024-04-08
Nordeste;2024;17;411;2;1840466.0;31996;14873064.0;2024-04-15
Nordeste;2024;18;-29750;-94;1840497.0;31998;14873064.0;2024-04-22
Nordeste;2024;19;785;16;1840581.0;32001;14873064.0;2024-04-29
Nordeste;2024;20;30159;99;1840614.0;32001;14873064.0;2024-05-06
Nordeste;2024;21;1108;0;1840743.0;32001;14873064.0;2024-05-13
Nordeste;2024;22;757;3;1840821.0;32002;14873064.0;2024-05-20
Nordeste;2024;23;735;0;1840821.0;32002;14873064.0;2024-05-27
Nordeste;2024;24;234;3;1840821.0;32002;14873064.0;2024-06-03
Nordeste;2024;25;375;9;1840821.0;32002;14873064.0;2024-06-10
Nordeste;2024;26;316;5;1841002.0;32006;14873064.0;2024-06-17
Nordeste;2024;27;462;2;1841002.0;32006;14873064.0;2024-06-24
Nordeste;2024;28;1651;4;1841195.0;32007;14873064.0;2024-07-01
Nordeste;2024;29;505;1;1841300.0;32007;14873064.0;2024-07-08
Nordeste;2024;30;578;8;1841467.0;32007;14873064.0;2024-07-15
Nordeste;2024;31;162;3;1841467.0;32007;14873064.0;2024-07-22
Nordeste;2024;32;853;13;1841752.0;32012;14873064.0;2024-07-29
Nordeste;2024;33;506;10;1841922.0;32015;14873064.0;2024-08-05
Nordeste;2024;34;700;1;1842286.0;32016;14873064.0;2024-08-12
Nordeste;2024;35;121;4;1842286.0;32016;14873064.0;2024-08-19
Nordeste;2024;36;802;8;1842659.0;32017;14873064.0;2024-08-26
Nordeste;2024;37;154;2;1842659.0;32017;14873064.0;2024-09-02
Nordeste;2024;38;142;3;1843123.0;32017;14873064.0;2024-09-09
Nordeste;2024;39;800;3;1843335.0;32018;14873064.0;2024-09-16
Nordeste;2024;40;80;2;1843335.0;32018;14873064.0;2024-09-23
Nordeste;2024;41;886;10;1844176.0;32028;14873064.0;2024-09-30
Nordeste;2024;42;362;4;1844176.0;32028;14873064.0;2024-10-07
Nordeste;2024;43;456;9;1844481.0;32034;14873064.0;2024-10-14
Nordeste;2024;44;124;1;1844481.0;32034;14873064.0;2024-10-21
Nordeste;2024;45;124;5;1844481.0;32034;14873064.0;2024-10-28
Nordeste;2024;46;730;4;1844481.0;32034;14873064.0;2024-11-04
Nordeste;2024;47;206;0;1844481.0;32034;14873064.0;2024-11-11
Nordeste;2024;48;1781;29;1846162.0;32060;14873064.0;2024-11-18
Nordeste;2024;49;9737;3;1846505.0;32063;14873064.0;2024-11-25
Nordeste;2024;50;980;5;1846780.0;32063;14873064.0;2024-12-02
Nordeste;2024;51;699;7;1846992.0;32068;14873064.0;2024-12-09
Nordeste;2024;52;275;1;1847242.0;32068;14873064.0;2024-12-16
Nordeste;2025;1;874;15;1847242.0;32068;14873064.0;2024-12-30
Nordeste;2025;2;17881;10;1847242.0;32068;14873064.0;2024-12-30
Nordeste;2025;3;1921;9;1847242.0;32068;14873064.0;2025-01-06
Nordeste;2025;4;4240;24;1848345.0;32081;14873064.0;2025-01-13
Nordeste;2025;5;2550;25;1848603.0;32083;14873064.0;2025-01-20
Nordeste;2025;6;2211;25;1849061.0;32090;14873064.0;2025-01-27
Nordeste;2025;7;5340;11;1849459.0;32095;14873064.0;2025-02-03
Nordeste;2025;8;2139;10;1850025.0;32096;14873064.0;2025-02-10
Nordeste;2025;9;1062;10;1850538.0;32104;14873064.0;2025-02-17
Nordeste;2025;10;1302;13;1851137.0;32107;14873064.0;2025-02-24
Nordeste;2025;11;987;3;1851719.0;32107;14873064.0;2025-03-03
Nordeste;2025;12;1059;14;1852228.0;32110;14873064.0;2025-03-10
Nordeste;2025;13;349;5;1852228.0;32110;14873064.0;2025-03-17
Nordeste;2025;14;149;6;1852228.0;32110;14873064.0;2025-03-24
Nordeste;2025;15;826;12;1852806.0;32119;14873064.0;2025-03-31
Nordeste;2025;16;161;3;1852806.0;32119;14873064.0;2025-04-07
Nordeste;2025;17;362;7;1852978.0;32124;14873064.0;2025-04-14
Nordeste;2025;18;236;6;1853037.0;32125;14873064.0;2025-04-21
Nordeste;2025;19;408;8;1853103.0;32126;14873064.0;2025-04-28
Nordeste;2025;20;132;2;1853152.0;32126;14873064.0;2025-05-05
Nordeste;2025;21;239;7;1853268.0;32128;14873064.0;2025-05-12
Nordeste;2025;22;152;0;1853324.0;32129;14873064.0;2025-05-19
Nordeste;2025;23;29;1;1853324.0;32129;14873064.0;2025-05-26
Nordeste;2025;24;208;11;1853428.0;32131;14873064.0;2025-06-02
Nordeste;2025;25;159;3;1853494.0;32133;14873064.0;2025-06-09
Nordeste;2025;26;93;2;1853526.0;32133;14873064.0;2025-06-16
Nordeste;2025;27;251;1;1853526.0;32133;14873064.0;2025-06-23
Nordeste;2025;28;371;4;1853707.0;32135;14873064.0;2025-06-30
Nordeste;2025;29;204;15;1853784.0;32142;14873064.0;2025-07-07
Nordeste;2025;30;279;1;1853856.0;32142;14873064.0;2025-07-14
Nordeste;2025;31;1016;5;1853965.0;32142;14873064.0;2025-07-21
Nordeste;2025;32;509;10;1854075.0;32145;14873064.0;2025-07-28
Nordeste;2025;33;529;4;1854205.0;32146;14873064.0;2025-08-04
Nordeste;2025;34;543;2;1854362.0;32147;14873064.0;2025-08-11
Nordeste;2025;35;411;1;1854362.0;32147;14873064.0;2025-08-18
Nordeste;2025;36;0;0;1854362.0;32147;14873064.0;2025-08-25
Norte;2020;9;0;0;0.0;0;8602865.0;2020-02-24
Norte;2020;10;0;0;0.0;0;8602865.0;2020-02-24
Norte;2020;11;0;0;0.0;0;8602865.0;2020-03-02
Norte;2020;12;26;0;11.0;0;8602865.0;2020-03-09
Norte;2020;13;158;1;111.0;1;8602865.0;2020-03-16
Norte;2020;14;343;15;311.0;12;8602865.0;2020-03-23
Norte;2020;15;1136;57;1050.0;53;8602865.0;2020-03-30
Norte;2020;16;1753;143;1897.0;161;8602865.0;2020-04-06
Norte;2020;17;3464;199;3635.0;287;8602865.0;2020-04-13
Norte;2020;18;5894;456;6062.0;501;8602865.0;2020-04-20
Norte;2020;19;12807;845;11925.0;962;8602865.0;2020-04-27
Norte;2020;20;17909;1171;19677.0;1375;8602865.0;2020-05-04
Norte;2020;21;25907;1355;28802.0;2001;8602865.0;2020-05-11
Norte;2020;22;35904;1395;40560.0;2900;8602865.0;2020-05-18
Norte;2020;23;35468;1141;53176.0;3612;8602865.0;2020-05-25
Norte;2020;24;35194;1077;68510.0;4177;8602865.0;2020-06-01
Norte;2020;25;33955;787;82881.0;4519;8602865.0;2020-06-08
Norte;2020;26;41769;670;99313.0;4834;8602865.0;2020-06-15
Norte;2020;27;35301;635;112531.0;5069;8602865.0;2020-06-22
Norte;2020;28;32146;507;124934.0;5274;8602865.0;2020-06-29
Norte;2020;29;31273;519;136947.0;5478;8602865.0;2020-07-06
Norte;2020;30;33842;586;147923.0;5689;8602865.0;2020-07-13
Norte;2020;31;28240;356;156053.0;5750;8602865.0;2020-07-20
Norte;2020;32;32180;411;167099.0;5871;8602865.0;2020-07-27
Norte;2020;33;29731;344;177010.0;5932;8602865.0;2020-08-03
Norte;2020;34;30370;375;188644.0;6047;8602865.0;2020-08-10
Norte;2020;35;28882;335;198246.0;6109;8602865.0;2020-08-17
Norte;2020;36;25690;519;206864.0;6240;8602865.0;2020-08-24
Norte;2020;37;20179;260;213655.0;6307;8602865.0;2020-08-31
Norte;2020;38;20924;363;220205.0;6451;8602865.0;2020-09-07
Norte;2020;39;20233;284;226826.0;6534;8602865.0;2020-09-14
Norte;2020;40;20855;341;233802.0;6593;8602865.0;2020-09-21
Norte;2020;41;14168;212;237925.0;6645;8602865.0;2020-09-28
Norte;2020;42;13044;201;240966.0;6676;8602865.0;2020-10-05
Norte;2020;43;17611;229;246605.0;6717;8602865.0;2020-10-12
Norte;2020;44;17202;189;252919.0;6743;8602865.0;2020-10-19
Norte;2020;45;13510;164;256898.0;6784;8602865.0;2020-10-26
Norte;2020;46;16399;198;261534.0;6817;8602865.0;2020-11-02
Norte;2020;47;16004;183;265562.0;6861;8602865.0;2020-11-09
Norte;2020;48;18486;228;269870.0;6901;8602865.0;2020-11-16
Norte;2020;49;19400;218;274545.0;6944;8602865.0;2020-11-23
Norte;2020;50;18593;212;279600.0;6989;8602865.0;2020-11-30
Norte;2020;51;21605;268;285632.0;7051;8602865.0;2020-12-07
Norte;2020;52;17049;275;289795.0;7124;8602865.0;2020-12-14
Norte;2020;53;16359;307;293540.0;7188;8602865.0;2020-12-21
Norte;2021;1;28690;611;300454.0;7292;8602865.0;2020-12-28
Norte;2021;2;40558;739;308936.0;7388;8602865.0;2021-01-04
Norte;2021;3;44195;1214;317876.0;7487;8602865.0;2021-01-11
Norte;2021;4;44763;1348;328800.0;8018;8602865.0;2021-01-18
Norte;2021;5;39603;1293;338047.0;8934;8602865.0;2021-01-25
Norte;2021;6;35621;1421;347500.0;9819;8602865.0;2021-02-01
Norte;2021;7;32206;1219;354587.0;10409;8602865.0;2021-02-08
Norte;2021;8;36873;1047;363916.0;10831;8602865.0;2021-02-15
Norte;2021;9;35835;1137;372488.0;11240;8602865.0;2021-02-22
Norte;2021;10;38897;1209;382212.0;11516;8602865.0;2021-03-01
Norte;2021;11;46107;1287;396302.0;11775;8602865.0;2021-03-08
Norte;2021;12;46083;1227;411363.0;11939;8602865.0;2021-03-15
Norte;2021;13;36622;1218;422442.0;12061;8602865.0;2021-03-22
Norte;2021;14;38523;1185;437092.0;12245;8602865.0;2021-03-29
Norte;2021;15;35880;1315;450277.0;12362;8602865.0;2021-04-05
Norte;2021;16;29134;1321;462294.0;12506;8602865.0;2021-04-12
Norte;2021;17;27607;1162;472986.0;13083;8602865.0;2021-04-19
Norte;2021;18;27278;862;483623.0;13511;8602865.0;2021-04-26
Norte;2021;19;28303;776;496924.0;13886;8602865.0;2021-05-03
Norte;2021;20;27432;702;508274.0;14212;8602865.0;2021-05-10
Norte;2021;21;24340;607;516277.0;14478;8602865.0;2021-05-17
Norte;2021;22;23075;540;523063.0;14679;8602865.0;2021-05-24
Norte;2021;23;28333;602;533496.0;14946;8602865.0;2021-05-31
Norte;2021;24;26377;591;541833.0;15183;8602865.0;2021-06-07
Norte;2021;25;22724;489;549351.0;15389;8602865.0;2021-06-14
Norte;2021;26;19760;456;556637.0;15576;8602865.0;2021-06-21
Norte;2021;27;17979;392;561798.0;15701;8602865.0;2021-06-28
Norte;2021;28;15517;337;566006.0;15815;8602865.0;2021-07-05
Norte;2021;29;13177;338;569246.0;15958;8602865.0;2021-07-12
Norte;2021;30;12948;270;572456.0;16048;8602865.0;2021-07-19
Norte;2021;31;11377;290;575556.0;16156;8602865.0;2021-07-26
Norte;2021;32;8773;262;577856.0;16245;8602865.0;2021-08-02
Norte;2021;33;8799;217;580586.0;16351;8602865.0;2021-08-09
Norte;2021;34;7772;187;583202.0;16443;8602865.0;2021-08-16
Norte;2021;35;6269;137;585306.0;16503;8602865.0;2021-08-23
Norte;2021;36;3382;79;586377.0;16526;8602865.0;2021-08-30
Norte;2021;37;6207;125;587922.0;16578;8602865.0;2021-09-06
Norte;2021;38;4536;138;589962.0;16635;8602865.0;2021-09-13
Norte;2021;39;4035;88;591824.0;16664;8602865.0;2021-09-20
Norte;2021;40;4082;82;593560.0;16688;8602865.0;2021-09-27
Norte;2021;41;3871;73;595130.0;16706;8602865.0;2021-10-04
Norte;2021;42;5437;83;596977.0;16730;8602865.0;2021-10-11
Norte;2021;43;4488;52;598401.0;16743;8602865.0;2021-10-18
Norte;2021;44;4587;45;600002.0;16757;8602865.0;2021-10-25
Norte;2021;45;5633;72;601995.0;16798;8602865.0;2021-11-01
Norte;2021;46;5830;89;604217.0;16848;8602865.0;2021-11-08
Norte;2021;47;7712;101;607830.0;16884;8602865.0;2021-11-15
Norte;2021;48;8359;100;611527.0;16939;8602865.0;2021-11-22
Norte;2021;49;7896;71;615573.0;16973;8602865.0;2021-11-29
Norte;2021;50;8294;104;620123.0;17034;8602865.0;2021-12-06
Norte;2021;51;5889;62;623422.0;17060;8602865.0;2021-12-13
Norte;2021;52;7103;112;625463.0;17089;8602865.0;2021-12-20
Norte;2021;53;2794;85;293807.0;7209;8602865.0;2020-12-28
Norte;2022;1;9530;89;628813.0;17161;8602865.0;2021-12-27
Norte;2022;2;28909;133;632989.0;17233;8602865.0;2022-01-03
Norte;2022;3;82370;120;637758.0;17280;8602865.0;2022-01-10
Norte;2022;4;98782;171;647079.0;17335;8602865.0;2022-01-17
Norte;2022;5;83967;259;661600.0;17414;8602865.0;2022-01-24
Norte;2022;6;68947;292;681543.0;17534;8602865.0;2022-01-31
Norte;2022;7;52978;358;700232.0;17658;8602865.0;2022-02-07
Norte;2022;8;43382;257;716501.0;17782;8602865.0;2022-02-14
Norte;2022;9;19772;188;724221.0;17891;8602865.0;2022-02-21
Norte;2022;10;21364;153;734441.0;17969;8602865.0;2022-02-28
Norte;2022;11;15798;105;743154.0;18027;8602865.0;2022-03-07
Norte;2022;12;14158;90;750618.0;18075;8602865.0;2022-03-14
Norte;2022;13;9490;62;755822.0;18112;8602865.0;2022-03-21
Norte;2022;14;5413;60;758737.0;18153;8602865.0;2022-03-28
Norte;2022;15;4480;46;760691.0;18188;8602865.0;2022-04-04
Norte;2022;16;5620;53;762883.0;18227;8602865.0;2022-04-11
Norte;2022;17;4536;56;765606.0;18267;8602865.0;2022-04-18
Norte;2022;18;4404;40;768780.0;18299;8602865.0;2022-04-25
Norte;2022;19;3578;25;770836.0;18314;8602865.0;2022-05-02
Norte;2022;20;2952;27;772977.0;18341;8602865.0;2022-05-09
Norte;2022;21;2828;35;774477.0;18369;8602865.0;2022-05-16
Norte;2022;22;3187;22;775547.0;18386;8602865.0;2022-05-23
Norte;2022;23;3882;35;777125.0;18413;8602865.0;2022-05-30
Norte;2022;24;5794;27;778578.0;18433;8602865.0;2022-06-06
Norte;2022;25;11037;29;780414.0;18451;8602865.0;2022-06-13
Norte;2022;26;27513;45;783714.0;18468;8602865.0;2022-06-20
Norte;2022;27;33604;28;787551.0;18478;8602865.0;2022-06-27
Norte;2022;28;37906;55;794401.0;18491;8602865.0;2022-07-04
Norte;2022;29;35147;62;802892.0;18511;8602865.0;2022-07-11
Norte;2022;30;25244;71;810869.0;18542;8602865.0;2022-07-18
Norte;2022;31;19331;71;817372.0;18565;8602865.0;2022-07-25
Norte;2022;32;14888;61;823129.0;18587;8602865.0;2022-08-01
Norte;2022;33;9903;53;826883.0;18612;8602865.0;2022-08-08
Norte;2022;34;7105;123;830209.0;18714;8602865.0;2022-08-15
Norte;2022;35;5451;88;833071.0;18772;8602865.0;2022-08-22
Norte;2022;36;3800;57;835226.0;18813;8602865.0;2022-08-29
Norte;2022;37;3816;31;837178.0;18825;8602865.0;2022-09-05
Norte;2022;38;3228;23;839035.0;18839;8602865.0;2022-09-12
Norte;2022;39;2044;25;840259.0;18854;8602865.0;2022-09-19
Norte;2022;40;1767;25;841295.0;18868;8602865.0;2022-09-26
Norte;2022;41;1604;15;842329.0;18874;8602865.0;2022-10-03
Norte;2022;42;2887;17;843759.0;18881;8602865.0;2022-10-10
Norte;2022;43;2674;10;844928.0;18885;8602865.0;2022-10-17
Norte;2022;44;2319;6;845693.0;18888;8602865.0;2022-10-24
Norte;2022;45;3993;21;847241.0;18896;8602865.0;2022-10-31
Norte;2022;46;7328;21;848403.0;18903;8602865.0;2022-11-07
Norte;2022;47;8509;24;851048.0;18913;8602865.0;2022-11-14
Norte;2022;48;7886;30;853148.0;18927;8602865.0;2022-11-21
Norte;2022;49;9035;24;855743.0;18936;8602865.0;2022-11-28
Norte;2022;50;12211;16;858748.0;18941;8602865.0;2022-12-05
Norte;2022;51;10136;24;860218.0;18945;8602865.0;2022-12-12
Norte;2022;52;8757;28;861041.0;18953;8602865.0;2021-12-27
Norte;2023;1;7039;49;886310.0;19166;8602865.0;2022-12-26
Norte;2023;2;5850;15;863119.0;18991;8602865.0;2023-01-02
Norte;2023;3;4657;19;864552.0;18999;8602865.0;2023-01-09
Norte;2023;4;3766;15;865661.0;19002;8602865.0;2023-01-16
Norte;2023;5;3874;9;866994.0;19004;8602865.0;2023-01-23
Norte;2023;6;2877;8;868120.0;19007;8602865.0;2023-01-30
Norte;2023;7;4425;6;869312.0;19009;8602865.0;2023-02-06
Norte;2023;8;4210;11;870083.0;19013;8602865.0;2023-02-13
Norte;2023;9;4893;27;872068.0;19025;8602865.0;2023-02-20
Norte;2023;10;4247;19;873474.0;19031;8602865.0;2023-02-27
Norte;2023;11;2631;-8;874465.0;19043;8602865.0;2023-03-06
Norte;2023;12;3136;37;875474.0;19052;8602865.0;2023-03-13
Norte;2023;13;2314;24;876526.0;19056;8602865.0;2023-03-20
Norte;2023;14;1396;15;877033.0;19063;8602865.0;2023-03-27
Norte;2023;15;2023;10;877689.0;19071;8602865.0;2023-04-03
Norte;2023;16;2039;15;878153.0;19079;8602865.0;2023-04-10
Norte;2023;17;6323;23;878541.0;19085;8602865.0;2023-04-17
Norte;2023;18;-3365;22;878928.0;19104;8602865.0;2023-04-24
Norte;2023;19;1741;4;879424.0;19106;8602865.0;2023-05-01
Norte;2023;20;2119;15;880105.0;19113;8602865.0;2023-05-08
Norte;2023;21;1992;6;880614.0;19114;8602865.0;2023-05-15
Norte;2023;22;2638;10;881325.0;19119;8602865.0;2023-05-22
Norte;2023;23;548;-89;881780.0;19124;8602865.0;2023-05-29
Norte;2023;24;1422;105;882253.0;19129;8602865.0;2023-06-05
Norte;2023;25;1171;10;882712.0;19130;8602865.0;2023-06-12
Norte;2023;26;873;4;883131.0;19133;8602865.0;2023-06-19
Norte;2023;27;616;6;883568.0;19136;8602865.0;2023-06-26
Norte;2023;28;808;5;883709.0;19140;8602865.0;2023-07-03
Norte;2023;29;512;3;883866.0;19141;8602865.0;2023-07-10
Norte;2023;30;365;7;884003.0;19145;8602865.0;2023-07-17
Norte;2023;31;435;4;884181.0;19146;8602865.0;2023-07-24
Norte;2023;32;265;4;884316.0;19146;8602865.0;2023-07-31
Norte;2023;33;254;3;884376.0;19147;8602865.0;2023-08-07
Norte;2023;34;449;5;884517.0;19152;8602865.0;2023-08-14
Norte;2023;35;502;-199;884681.0;19155;8602865.0;2023-08-21
Norte;2023;36;229;208;884769.0;19155;8602865.0;2023-08-28
Norte;2023;37;347;1;884894.0;19155;8602865.0;2023-09-04
Norte;2023;38;504;1;884997.0;19155;8602865.0;2023-09-11
Norte;2023;39;316;4;885104.0;19158;8602865.0;2023-09-18
Norte;2023;40;279;2;885244.0;19160;8602865.0;2023-09-25
Norte;2023;41;112;0;885253.0;19160;8602865.0;2023-10-02
Norte;2023;42;262;1;885337.0;19160;8602865.0;2023-10-09
Norte;2023;43;243;1;885448.0;19161;8602865.0;2023-10-16
Norte;2023;44;271;2;885486.0;19161;8602865.0;2023-10-23
Norte;2023;45;555;1;885598.0;19161;8602865.0;2023-10-30
Norte;2023;46;321;1;885667.0;19161;8602865.0;2023-11-06
Norte;2023;47;534;3;885749.0;19161;8602865.0;2023-11-13
Norte;2023;48;985;2;885805.0;19161;8602865.0;2023-11-20
Norte;2023;49;387;6;885871.0;19163;8602865.0;2023-11-27
Norte;2023;50;645;6;885998.0;19165;8602865.0;2023-12-04
Norte;2023;51;1644;6;885998.0;19165;8602865.0;2023-12-11
Norte;2023;52;925;-2;886310.0;19166;8602865.0;2023-12-18
Norte;2024;1;3237;31;901444.0;19296;8602865.0;2024-01-01
Norte;2024;2;4673;10;887998.0;19192;8602865.0;2024-01-01
Norte;2024;3;6082;20;890198.0;19201;8602865.0;2024-01-08
Norte;2024;4;8757;20;893588.0;19214;8602865.0;2024-01-15
Norte;2024;5;5289;19;894890.0;19222;8602865.0;2024-01-22
Norte;2024;6;3889;13;896100.0;19229;8602865.0;2024-01-29
Norte;2024;7;3098;6;896688.0;19229;8602865.0;2024-02-05
Norte;2024;8;5011;9;897421.0;19232;8602865.0;2024-02-12
Norte;2024;9;1774;11;897868.0;19240;8602865.0;2024-02-19
Norte;2024;10;3449;15;898327.0;19244;8602865.0;2024-02-26
Norte;2024;11;1071;6;898511.0;19244;8602865.0;2024-03-04
Norte;2024;12;924;9;898635.0;19253;8602865.0;2024-03-11
Norte;2024;13;265;5;898775.0;19255;8602865.0;2024-03-18
Norte;2024;14;332;4;898896.0;19256;8602865.0;2024-03-25
Norte;2024;15;-1994;1;898966.0;19256;8602865.0;2024-04-01
Norte;2024;16;3390;3;899023.0;19257;8602865.0;2024-04-08
Norte;2024;17;338;6;899103.0;19259;8602865.0;2024-04-15
Norte;2024;18;157;2;899129.0;19259;8602865.0;2024-04-22
Norte;2024;19;194;2;899158.0;19259;8602865.0;2024-04-29
Norte;2024;20;422;2;899310.0;19261;8602865.0;2024-05-06
Norte;2024;21;277;1;899310.0;19261;8602865.0;2024-05-13
Norte;2024;22;468;11;899509.0;19266;8602865.0;2024-05-20
Norte;2024;23;206;2;899606.0;19266;8602865.0;2024-05-27
Norte;2024;24;219;4;899774.0;19269;8602865.0;2024-06-03
Norte;2024;25;753;2;900011.0;19269;8602865.0;2024-06-10
Norte;2024;26;347;1;900115.0;19269;8602865.0;2024-06-17
Norte;2024;27;391;1;900189.0;19269;8602865.0;2024-06-24
Norte;2024;28;325;4;900254.0;19271;8602865.0;2024-07-01
Norte;2024;29;398;2;900311.0;19271;8602865.0;2024-07-08
Norte;2024;30;256;0;900379.0;19271;8602865.0;2024-07-15
Norte;2024;31;294;5;900466.0;19274;8602865.0;2024-07-22
Norte;2024;32;107;2;900466.0;19274;8602865.0;2024-07-29
Norte;2024;33;277;20;900628.0;19287;8602865.0;2024-08-05
Norte;2024;34;453;9;900665.0;19289;8602865.0;2024-08-12
Norte;2024;35;76;2;900665.0;19289;8602865.0;2024-08-19
Norte;2024;36;549;2;900741.0;19289;8602865.0;2024-08-26
Norte;2024;37;183;2;900741.0;19289;8602865.0;2024-09-02
Norte;2024;38;374;2;900950.0;19289;8602865.0;2024-09-09
Norte;2024;39;289;5;901045.0;19291;8602865.0;2024-09-16
Norte;2024;40;70;2;901058.0;19291;8602865.0;2024-09-23
Norte;2024;41;33;4;901058.0;19291;8602865.0;2024-09-30
Norte;2024;42;44;3;901045.0;19291;8602865.0;2024-10-07
Norte;2024;43;122;6;901045.0;19291;8602865.0;2024-10-14
Norte;2024;44;37;3;901045.0;19291;8602865.0;2024-10-21
Norte;2024;45;81;3;901045.0;19291;8602865.0;2024-10-28
Norte;2024;46;277;3;901302.0;19292;8602865.0;2024-11-04
Norte;2024;47;104;6;901315.0;19296;8602865.0;2024-11-11
Norte;2024;48;96;0;901349.0;19296;8602865.0;2024-11-18
Norte;2024;49;84;0;901369.0;19296;8602865.0;2024-11-25
Norte;2024;50;187;2;901369.0;19296;8602865.0;2024-12-02
Norte;2024;51;109;0;901444.0;19296;8602865.0;2024-12-09
Norte;2024;52;44;1;901444.0;19296;8602865.0;2024-12-16
Norte;2025;1;185;1;901556.0;19297;8602865.0;2024-12-30
Norte;2025;2;991;4;901693.0;19298;8602865.0;2024-12-30
Norte;2025;3;562;12;902198.0;19310;8602865.0;2025-01-06
Norte;2025;4;5232;14;902198.0;19310;8602865.0;2025-01-13
Norte;2025;5;2226;19;903755.0;19326;8602865.0;2025-01-20
Norte;2025;6;1963;9;904434.0;19328;8602865.0;2025-01-27
Norte;2025;7;1252;2;905316.0;19329;8602865.0;2025-02-03
Norte;2025;8;5614;3;905813.0;19330;8602865.0;2025-02-10
Norte;2025;9;1474;6;906108.0;19331;8602865.0;2025-02-17
Norte;2025;10;1180;6;906263.0;19333;8602865.0;2025-02-24
Norte;2025;11;974;24;906610.0;19334;8602865.0;2025-03-03
Norte;2025;12;912;12;906816.0;19339;8602865.0;2025-03-10
Norte;2025;13;263;5;906899.0;19340;8602865.0;2025-03-17
Norte;2025;14;172;1;906946.0;19340;8602865.0;2025-03-24
Norte;2025;15;92;-16;906946.0;19340;8602865.0;2025-03-31
Norte;2025;16;33;2;906946.0;19340;8602865.0;2025-04-07
Norte;2025;17;233;2;907060.0;19340;8602865.0;2025-04-14
Norte;2025;18;50;1;907068.0;19340;8602865.0;2025-04-21
Norte;2025;19;20;1;907075.0;19341;8602865.0;2025-04-28
Norte;2025;20;28;0;907075.0;19341;8602865.0;2025-05-05
Norte;2025;21;54;0;907075.0;19341;8602865.0;2025-05-12
Norte;2025;22;1464;1;907075.0;19341;8602865.0;2025-05-19
Norte;2025;23;103;2;907162.0;19343;8602865.0;2025-05-26
Norte;2025;24;41;0;907162.0;19343;8602865.0;2025-06-02
Norte;2025;25;133;0;907233.0;19343;8602865.0;2025-06-09
Norte;2025;26;59;0;907233.0;19343;8602865.0;2025-06-16
Norte;2025;27;48;1;907233.0;19343;8602865.0;2025-06-23
Norte;2025;28;246;0;907432.0;19343;8602865.0;2025-06-30
Norte;2025;29;35;2;907432.0;19343;8602865.0;2025-07-07
Norte;2025;30;156;-3;907475.0;19343;8602865.0;2025-07-14
Norte;2025;31;276;3;907516.0;19343;8602865.0;2025-07-21
Norte;2025;32;555;0;907516.0;19343;8602865.0;2025-07-28
Norte;2025;33;837;0;907516.0;19343;8602865.0;2025-08-04
Norte;2025;34;736;1;907516.0;19343;8602865.0;2025-08-11
Norte;2025;35;1180;0;907516.0;19343;8602865.0;2025-08-18
Norte;2025;36;0;0;907516.0;19343;8602865.0;2025-08-25
Sudeste;2020;9;2;0;2.0;0;45919049.0;2020-02-24
Sudeste;2020;10;14;0;13.0;0;45919049.0;2020-02-24
Sudeste;2020;11;74;0;65.0;0;45919049.0;2020-03-02
Sudeste;2020;12;552;18;459.0;15;45919049.0;2020-03-09
Sudeste;2020;13;1631;80;1406.0;84;45919049.0;2020-03-16
Sudeste;2020;14;4105;231;4466.0;260;45919049.0;2020-03-23
Sudeste;2020;15;5843;412;8419.0;560;45919049.0;2020-03-30
Sudeste;2020;16;8321;704;13894.0;991;45919049.0;2020-04-06
Sudeste;2020;17;9445;942;20004.0;1667;45919049.0;2020-04-13
Sudeste;2020;18;16730;1361;31174.0;2586;45919049.0;2020-04-20
Sudeste;2020;19;22399;1804;44411.0;3608;45919049.0;2020-04-27
Sudeste;2020;20;25101;2172;61183.0;4688;45919049.0;2020-05-04
Sudeste;2020;21;37573;2863;80558.0;6045;45919049.0;2020-05-11
Sudeste;2020;22;51381;3076;107142.0;7532;45919049.0;2020-05-18
Sudeste;2020;23;56446;3222;140549.0;9058;45919049.0;2020-05-25
Sudeste;2020;24;59470;2781;172875.0;10581;45919049.0;2020-06-01
Sudeste;2020;25;74676;3606;215793.0;12494;45919049.0;2020-06-08
Sudeste;2020;26;84018;3195;265581.0;14263;45919049.0;2020-06-15
Sudeste;2020;27;85054;3143;312530.0;15996;45919049.0;2020-06-22
Sudeste;2020;28;90907;3059;366890.0;17702;45919049.0;2020-06-29
Sudeste;2020;29;75716;3096;412027.0;19647;45919049.0;2020-07-06
Sudeste;2020;30;114307;3389;479481.0;21517;45919049.0;2020-07-13
Sudeste;2020;31;110975;3107;552318.0;23236;45919049.0;2020-07-20
Sudeste;2020;32;108880;3046;621731.0;25016;45919049.0;2020-07-27
Sudeste;2020;33;116372;2963;697530.0;26780;45919049.0;2020-08-03
Sudeste;2020;34;98567;3200;749244.0;28392;45919049.0;2020-08-10
Sudeste;2020;35;90245;2956;801422.0;29944;45919049.0;2020-08-17
Sudeste;2020;36;85977;2434;853085.0;31313;45919049.0;2020-08-24
Sudeste;2020;37;69169;2304;890690.0;32567;45919049.0;2020-08-31
Sudeste;2020;38;73691;2540;931673.0;33927;45919049.0;2020-09-07
Sudeste;2020;39;71284;2359;970888.0;35063;45919049.0;2020-09-14
Sudeste;2020;40;68758;2052;1003429.0;36136;45919049.0;2020-09-21
Sudeste;2020;41;63635;2195;1034816.0;37223;45919049.0;2020-09-28
Sudeste;2020;42;52478;1614;1062634.0;37992;45919049.0;2020-10-05
Sudeste;2020;43;54789;1594;1089255.0;38726;45919049.0;2020-10-12
Sudeste;2020;44;56133;1376;1116127.0;39311;45919049.0;2020-10-19
Sudeste;2020;45;30353;968;1125936.0;39717;45919049.0;2020-10-26
Sudeste;2020;46;73498;1593;1167422.0;40549;45919049.0;2020-11-02
Sudeste;2020;47;71664;1740;1205435.0;41256;45919049.0;2020-11-09
Sudeste;2020;48;74750;1735;1238094.0;42048;45919049.0;2020-11-16
Sudeste;2020;49;102009;1939;1285087.0;42969;45919049.0;2020-11-23
Sudeste;2020;50;106996;2161;1333763.0;43971;45919049.0;2020-11-30
Sudeste;2020;51;110187;2438;1384100.0;45029;45919049.0;2020-12-07
Sudeste;2020;52;95015;1910;1423340.0;45808;45919049.0;2020-12-14
Sudeste;2020;53;84138;2008;1462297.0;46717;45919049.0;2020-12-21
Sudeste;2021;1;147504;3360;1540513.0;48298;45919049.0;2020-12-28
Sudeste;2021;2;161845;3598;1619619.0;49885;45919049.0;2021-01-04
Sudeste;2021;3;154620;3564;1694355.0;51423;45919049.0;2021-01-11
Sudeste;2021;4;150809;3495;1773024.0;52954;45919049.0;2021-01-18
Sudeste;2021;5;135338;3428;1845086.0;54545;45919049.0;2021-01-25
Sudeste;2021;6;128340;3561;1911411.0;56191;45919049.0;2021-02-01
Sudeste;2021;7;116783;3311;1971423.0;57743;45919049.0;2021-02-08
Sudeste;2021;8;123488;3535;2037267.0;59428;45919049.0;2021-02-15
Sudeste;2021;9;130704;3742;2107687.0;61417;45919049.0;2021-02-22
Sudeste;2021;10;158790;4474;2195130.0;63965;45919049.0;2021-03-01
Sudeste;2021;11;189818;5635;2298061.0;67414;45919049.0;2021-03-08
Sudeste;2021;12;216274;7304;2410498.0;71747;45919049.0;2021-03-15
Sudeste;2021;13;203616;9175;2520204.0;76750;45919049.0;2021-03-22
Sudeste;2021;14;218737;9927;2635378.0;82407;45919049.0;2021-03-29
Sudeste;2021;15;191310;10347;2739823.0;88097;45919049.0;2021-04-05
Sudeste;2021;16;169043;8759;2827833.0;92548;45919049.0;2021-04-12
Sudeste;2021;17;170755;8628;2918044.0;96941;45919049.0;2021-04-19
Sudeste;2021;18;172715;7517;2997282.0;100649;45919049.0;2021-04-26
Sudeste;2021;19;177808;6785;3085290.0;103995;45919049.0;2021-05-03
Sudeste;2021;20;183166;6906;3180595.0;107497;45919049.0;2021-05-10
Sudeste;2021;21;157020;6358;3254893.0;111123;45919049.0;2021-05-17
Sudeste;2021;22;186215;5483;3355201.0;114192;45919049.0;2021-05-24
Sudeste;2021;23;187106;6707;3449577.0;117887;45919049.0;2021-05-31
Sudeste;2021;24;213785;6914;3573210.0;121960;45919049.0;2021-06-07
Sudeste;2021;25;191347;6491;3688128.0;125916;45919049.0;2021-06-14
Sudeste;2021;26;153405;5693;3779408.0;129453;45919049.0;2021-06-21
Sudeste;2021;27;142558;4532;3860960.0;132065;45919049.0;2021-06-28
Sudeste;2021;28;120752;4034;3919754.0;134320;45919049.0;2021-07-05
Sudeste;2021;29;130564;4634;3997084.0;137211;45919049.0;2021-07-12
Sudeste;2021;30;116301;3566;4057868.0;138996;45919049.0;2021-07-19
Sudeste;2021;31;115812;3221;4113741.0;140677;45919049.0;2021-07-26
Sudeste;2021;32;100755;3257;4164587.0;142528;45919049.0;2021-08-02
Sudeste;2021;33;95799;3016;4209421.0;144185;45919049.0;2021-08-09
Sudeste;2021;34;85897;2735;4250474.0;145499;45919049.0;2021-08-16
Sudeste;2021;35;71083;2476;4288443.0;146526;45919049.0;2021-08-23
Sudeste;2021;36;56149;1722;4299629.0;147198;45919049.0;2021-08-30
Sudeste;2021;37;178823;2371;4350223.0;148079;45919049.0;2021-09-06
Sudeste;2021;38;48498;2167;4360548.0;149078;45919049.0;2021-09-13
Sudeste;2021;39;39728;2180;4369061.0;150050;45919049.0;2021-09-20
Sudeste;2021;40;42073;1838;4382863.0;150728;45919049.0;2021-09-27
Sudeste;2021;41;26066;1073;4389479.0;151107;45919049.0;2021-10-04
Sudeste;2021;42;31142;1070;4396904.0;151471;45919049.0;2021-10-11
Sudeste;2021;43;27142;1114;4405527.0;151975;45919049.0;2021-10-18
Sudeste;2021;44;21181;950;4412182.0;152516;45919049.0;2021-10-25
Sudeste;2021;45;25469;1010;4421955.0;153058;45919049.0;2021-11-01
Sudeste;2021;46;20240;674;4430190.0;153460;45919049.0;2021-11-08
Sudeste;2021;47;20136;883;4437386.0;153993;45919049.0;2021-11-15
Sudeste;2021;48;18738;709;4443589.0;154348;45919049.0;2021-11-22
Sudeste;2021;49;14493;641;4449552.0;154691;45919049.0;2021-11-29
Sudeste;2021;50;4567;527;4450144.0;155001;45919049.0;2021-12-06
Sudeste;2021;51;4890;260;4450315.0;155096;45919049.0;2021-12-13
Sudeste;2021;52;14706;239;4456108.0;155205;45919049.0;2021-12-20
Sudeste;2021;53;15012;324;1467953.0;46808;45919049.0;2020-12-28
Sudeste;2022;1;82384;305;4471113.0;155370;45919049.0;2021-12-27
Sudeste;2022;2;202485;490;4498145.0;155707;45919049.0;2022-01-03
Sudeste;2022;3;411858;873;4545225.0;156310;45919049.0;2022-01-10
Sudeste;2022;4;533420;2029;4638360.0;157817;45919049.0;2022-01-17
Sudeste;2022;5;482522;2785;4740153.0;159536;45919049.0;2022-01-24
Sudeste;2022;6;361680;3317;4837857.0;161441;45919049.0;2022-01-31
Sudeste;2022;7;261135;2958;4929347.0;163134;45919049.0;2022-02-07
Sudeste;2022;8;223808;2539;5010949.0;164516;45919049.0;2022-02-14
Sudeste;2022;9;106225;1335;5057594.0;165275;45919049.0;2022-02-21
Sudeste;2022;10;130639;1545;5123695.0;166086;45919049.0;2022-02-28
Sudeste;2022;11;109279;1130;5177066.0;166651;45919049.0;2022-03-07
Sudeste;2022;12;95451;873;5228413.0;167107;45919049.0;2022-03-14
Sudeste;2022;13;71840;737;5271171.0;167483;45919049.0;2022-03-21
Sudeste;2022;14;69027;581;5306969.0;167706;45919049.0;2022-03-28
Sudeste;2022;15;46950;333;5337459.0;167847;45919049.0;2022-04-04
Sudeste;2022;16;44272;349;5362856.0;168000;45919049.0;2022-04-11
Sudeste;2022;17;40679;535;5389345.0;168223;45919049.0;2022-04-18
Sudeste;2022;18;47566;307;5422332.0;168339;45919049.0;2022-04-25
Sudeste;2022;19;47914;452;5447605.0;168669;45919049.0;2022-05-02
Sudeste;2022;20;33100;342;5459629.0;168864;45919049.0;2022-05-09
Sudeste;2022;21;77292;513;5499768.0;169213;45919049.0;2022-05-16
Sudeste;2022;22;88245;282;5527726.0;169415;45919049.0;2022-05-23
Sudeste;2022;23;149691;617;5591276.0;169836;45919049.0;2022-05-30
Sudeste;2022;24;112847;540;5631464.0;170152;45919049.0;2022-06-06
Sudeste;2022;25;179941;738;5682235.0;170600;45919049.0;2022-06-13
Sudeste;2022;26;185285;755;5738245.0;171055;45919049.0;2022-06-20
Sudeste;2022;27;172397;873;5794001.0;171562;45919049.0;2022-06-27
Sudeste;2022;28;147184;889;5841003.0;172047;45919049.0;2022-07-04
Sudeste;2022;29;116064;856;5880733.0;172536;45919049.0;2022-07-11
Sudeste;2022;30;88692;796;5917268.0;172935;45919049.0;2022-07-18
Sudeste;2022;31;68246;794;5948320.0;173316;45919049.0;2022-07-25
Sudeste;2022;32;59955;712;5973090.0;173638;45919049.0;2022-08-01
Sudeste;2022;33;40906;529;5997822.0;173918;45919049.0;2022-08-08
Sudeste;2022;34;36354;373;6020485.0;174068;45919049.0;2022-08-15
Sudeste;2022;35;37035;446;6039943.0;174271;45919049.0;2022-08-22
Sudeste;2022;36;23251;220;6055094.0;174344;45919049.0;2022-08-29
Sudeste;2022;37;22399;240;6068932.0;174461;45919049.0;2022-09-05
Sudeste;2022;38;20334;237;6084326.0;174593;45919049.0;2022-09-12
Sudeste;2022;39;23373;247;6099193.0;174795;45919049.0;2022-09-19
Sudeste;2022;40;20875;412;6112706.0;175114;45919049.0;2022-09-26
Sudeste;2022;41;13073;174;6120384.0;175252;45919049.0;2022-10-03
Sudeste;2022;42;10864;193;6126367.0;175371;45919049.0;2022-10-10
Sudeste;2022;43;22032;235;6142723.0;175541;45919049.0;2022-10-17
Sudeste;2022;44;12040;143;6149046.0;175640;45919049.0;2022-10-24
Sudeste;2022;45;32828;224;6160930.0;175825;45919049.0;2022-10-31
Sudeste;2022;46;50409;166;6170605.0;175941;45919049.0;2022-11-07
Sudeste;2022;47;72210;343;6185851.0;176133;45919049.0;2022-11-14
Sudeste;2022;48;83821;379;6197738.0;176356;45919049.0;2022-11-21
Sudeste;2022;49;80599;335;6221071.0;176563;45919049.0;2022-11-28
Sudeste;2022;50;121294;589;6255162.0;176876;45919049.0;2022-12-05
Sudeste;2022;51;80890;436;6289137.0;177172;45919049.0;2022-12-12
Sudeste;2022;52;96469;640;6315333.0;177411;45919049.0;2021-12-27
Sudeste;2023;1;57087;467;6763310.0;182254;45919049.0;2022-12-26
Sudeste;2023;2;49311;230;6367148.0;177740;45919049.0;2023-01-02
Sudeste;2023;3;34935;591;6389460.0;178178;45919049.0;2023-01-09
Sudeste;2023;4;31459;304;6403854.0;178348;45919049.0;2023-01-16
Sudeste;2023;5;44925;389;6419637.0;178608;45919049.0;2023-01-23
Sudeste;2023;6;37850;150;6431045.0;178738;45919049.0;2023-01-30
Sudeste;2023;7;28667;278;6444454.0;178840;45919049.0;2023-02-06
Sudeste;2023;8;10824;65;6452475.0;178915;45919049.0;2023-02-13
Sudeste;2023;9;30634;203;6469442.0;179039;45919049.0;2023-02-20
Sudeste;2023;10;33601;240;6489494.0;179176;45919049.0;2023-02-27
Sudeste;2023;11;26424;212;6506733.0;179297;45919049.0;2023-03-06
Sudeste;2023;12;25576;156;6521546.0;179388;45919049.0;2023-03-13
Sudeste;2023;13;33132;196;6542929.0;179552;45919049.0;2023-03-20
Sudeste;2023;14;11693;114;6550058.0;179632;45919049.0;2023-03-27
Sudeste;2023;15;20425;238;6562222.0;179770;45919049.0;2023-04-03
Sudeste;2023;16;18773;97;6574420.0;179853;45919049.0;2023-04-10
Sudeste;2023;17;11282;76;6581458.0;179916;45919049.0;2023-04-17
Sudeste;2023;18;15876;158;6592025.0;180010;45919049.0;2023-04-24
Sudeste;2023;19;17385;146;6603623.0;180114;45919049.0;2023-05-01
Sudeste;2023;20;9785;118;6609385.0;180199;45919049.0;2023-05-08
Sudeste;2023;21;7458;115;6614068.0;180267;45919049.0;2023-05-15
Sudeste;2023;22;6835;99;6619932.0;180343;45919049.0;2023-05-22
Sudeste;2023;23;5247;89;6623020.0;180411;45919049.0;2023-05-29
Sudeste;2023;24;6543;104;6625989.0;180484;45919049.0;2023-06-05
Sudeste;2023;25;4580;149;6629875.0;180612;45919049.0;2023-06-12
Sudeste;2023;26;5214;108;6632790.0;180711;45919049.0;2023-06-19
Sudeste;2023;27;4474;74;6635759.0;180773;45919049.0;2023-06-26
Sudeste;2023;28;4990;62;6638733.0;180819;45919049.0;2023-07-03
Sudeste;2023;29;5164;87;6642439.0;180887;45919049.0;2023-07-10
Sudeste;2023;30;4509;62;6645970.0;180939;45919049.0;2023-07-17
Sudeste;2023;31;5557;53;6650301.0;180978;45919049.0;2023-07-24
Sudeste;2023;32;7412;71;6656137.0;181046;45919049.0;2023-07-31
Sudeste;2023;33;4686;26;6659063.0;181069;45919049.0;2023-08-07
Sudeste;2023;34;5787;29;6662825.0;181094;45919049.0;2023-08-14
Sudeste;2023;35;6477;29;6666218.0;181119;45919049.0;2023-08-21
Sudeste;2023;36;2475;48;6666218.0;181119;45919049.0;2023-08-28
Sudeste;2023;37;-21423;109;6674151.0;181192;45919049.0;2023-09-04
Sudeste;2023;38;12302;72;6679299.0;181233;45919049.0;2023-09-11
Sudeste;2023;39;19132;92;6684894.0;181294;45919049.0;2023-09-18
Sudeste;2023;40;15679;131;6689613.0;181354;45919049.0;2023-09-25
Sudeste;2023;41;12243;62;6693617.0;181402;45919049.0;2023-10-02
Sudeste;2023;42;20870;146;6702782.0;181504;45919049.0;2023-10-09
Sudeste;2023;43;27801;165;6712453.0;181584;45919049.0;2023-10-16
Sudeste;2023;44;16621;102;6718864.0;181655;45919049.0;2023-10-23
Sudeste;2023;45;25156;205;6729388.0;181776;45919049.0;2023-10-30
Sudeste;2023;46;12439;102;6734340.0;181853;45919049.0;2023-11-06
Sudeste;2023;47;16308;236;6741365.0;181976;45919049.0;2023-11-13
Sudeste;2023;48;15754;150;6747669.0;182070;45919049.0;2023-11-20
Sudeste;2023;49;10684;131;6752951.0;182144;45919049.0;2023-11-27
Sudeste;2023;50;8761;62;6756515.0;182188;45919049.0;2023-12-04
Sudeste;2023;51;3488;37;6756515.0;182188;45919049.0;2023-12-11
Sudeste;2023;52;9157;72;6763310.0;182254;45919049.0;2023-12-18
Sudeste;2024;1;3601;17;6917079.0;184290;45919049.0;2024-01-01
Sudeste;2024;2;10259;144;6768120.0;182316;45919049.0;2024-01-01
Sudeste;2024;3;6252;62;6770951.0;182352;45919049.0;2024-01-08
Sudeste;2024;4;10194;92;6774925.0;182424;45919049.0;2024-01-15
Sudeste;2024;5;10557;88;6780351.0;182465;45919049.0;2024-01-22
Sudeste;2024;6;10019;70;6785527.0;182528;45919049.0;2024-01-29
Sudeste;2024;7;22898;67;6788621.0;182552;45919049.0;2024-02-05
Sudeste;2024;8;34833;142;6800203.0;182645;45919049.0;2024-02-12
Sudeste;2024;9;33400;163;6813128.0;182733;45919049.0;2024-02-19
Sudeste;2024;10;24881;198;6824095.0;182836;45919049.0;2024-02-26
Sudeste;2024;11;20942;159;6834369.0;182938;45919049.0;2024-03-04
Sudeste;2024;12;19575;171;6841360.0;183036;45919049.0;2024-03-11
Sudeste;2024;13;7623;88;6845212.0;183071;45919049.0;2024-03-18
Sudeste;2024;14;3662;51;6845212.0;183071;45919049.0;2024-03-25
Sudeste;2024;15;11391;108;6853127.0;183172;45919049.0;2024-04-01
Sudeste;2024;16;2183;106;6854895.0;183252;45919049.0;2024-04-08
Sudeste;2024;17;4090;122;6856548.0;183322;45919049.0;2024-04-15
Sudeste;2024;18;1819;49;6857273.0;183344;45919049.0;2024-04-22
Sudeste;2024;19;4544;26;6858002.0;183344;45919049.0;2024-04-29
Sudeste;2024;20;1203;94;6858844.0;183428;45919049.0;2024-05-06
Sudeste;2024;21;5771;66;6860351.0;183473;45919049.0;2024-05-13
Sudeste;2024;22;2365;37;6860627.0;183490;45919049.0;2024-05-20
Sudeste;2024;23;1553;14;6860909.0;183503;45919049.0;2024-05-27
Sudeste;2024;24;42;0;6860909.0;183503;45919049.0;2024-06-03
Sudeste;2024;25;194;88;6862680.0;183602;45919049.0;2024-06-10
Sudeste;2024;26;2824;15;6862680.0;183602;45919049.0;2024-06-17
Sudeste;2024;27;815;6;6862680.0;183602;45919049.0;2024-06-24
Sudeste;2024;28;207;8;6862680.0;183602;45919049.0;2024-07-01
Sudeste;2024;29;3608;143;6864288.0;183625;45919049.0;2024-07-08
Sudeste;2024;30;1756;33;6865925.0;183657;45919049.0;2024-07-15
Sudeste;2024;31;2206;0;6867839.0;183657;45919049.0;2024-07-22
Sudeste;2024;32;3924;77;6870482.0;183716;45919049.0;2024-07-29
Sudeste;2024;33;1067;24;6870482.0;183716;45919049.0;2024-08-05
Sudeste;2024;34;9929;56;6878809.0;183771;45919049.0;2024-08-12
Sudeste;2024;35;4859;75;6880414.0;183849;45919049.0;2024-08-19
Sudeste;2024;36;7735;12;6883552.0;183849;45919049.0;2024-08-26
Sudeste;2024;37;3124;18;6883552.0;183849;45919049.0;2024-09-02
Sudeste;2024;38;12343;193;6892563.0;184024;45919049.0;2024-09-09
Sudeste;2024;39;7757;62;6896661.0;184063;45919049.0;2024-09-16
Sudeste;2024;40;2842;6;6896661.0;184063;45919049.0;2024-09-23
Sudeste;2024;41;9773;134;6903487.0;184150;45919049.0;2024-09-30
Sudeste;2024;42;3011;48;6905343.0;184185;45919049.0;2024-10-07
Sudeste;2024;43;3792;55;6905343.0;184185;45919049.0;2024-10-14
Sudeste;2024;44;5563;81;6907741.0;184235;45919049.0;2024-10-21
Sudeste;2024;45;5662;23;6909660.0;184244;45919049.0;2024-10-28
Sudeste;2024;46;3270;5;6909660.0;184244;45919049.0;2024-11-04
Sudeste;2024;47;5160;26;6909660.0;184244;45919049.0;2024-11-11
Sudeste;2024;48;5168;38;6909660.0;184244;45919049.0;2024-11-18
Sudeste;2024;49;7159;5;6914387.0;184244;45919049.0;2024-11-25
Sudeste;2024;50;10039;69;6915379.0;184248;45919049.0;2024-12-02
Sudeste;2024;51;2167;25;6915379.0;184248;45919049.0;2024-12-09
Sudeste;2024;52;2553;49;6917079.0;184290;45919049.0;2024-12-16
Sudeste;2025;1;599;11;6917079.0;184290;45919049.0;2024-12-30
Sudeste;2025;2;1402;7;6917079.0;184290;45919049.0;2024-12-30
Sudeste;2025;3;12237;167;6921817.0;184389;45919049.0;2025-01-06
Sudeste;2025;4;3152;44;6921817.0;184389;45919049.0;2025-01-13
Sudeste;2025;5;5800;56;6925285.0;184432;45919049.0;2025-01-20
Sudeste;2025;6;1455;17;6925879.0;184442;45919049.0;2025-01-27
Sudeste;2025;7;3264;45;6925879.0;184442;45919049.0;2025-02-03
Sudeste;2025;8;10153;125;6934753.0;184552;45919049.0;2025-02-10
Sudeste;2025;9;635;5;6934753.0;184552;45919049.0;2025-02-17
Sudeste;2025;10;9057;121;6939297.0;184646;45919049.0;2025-02-24
Sudeste;2025;11;5137;82;6942456.0;184718;45919049.0;2025-03-03
Sudeste;2025;12;1354;11;6942456.0;184718;45919049.0;2025-03-10
Sudeste;2025;13;996;2;6942456.0;184718;45919049.0;2025-03-17
Sudeste;2025;14;6135;129;6947709.0;184835;45919049.0;2025-03-24
Sudeste;2025;15;1035;5;6947709.0;184835;45919049.0;2025-03-31
Sudeste;2025;16;2108;163;6949490.0;184991;45919049.0;2025-04-07
Sudeste;2025;17;552;7;6949490.0;184991;45919049.0;2025-04-14
Sudeste;2025;18;1856;50;6951002.0;185032;45919049.0;2025-04-21
Sudeste;2025;19;10361;2;6951002.0;185032;45919049.0;2025-04-28
Sudeste;2025;20;1798;27;6951844.0;185048;45919049.0;2025-05-05
Sudeste;2025;21;1386;15;6952504.0;185051;45919049.0;2025-05-12
Sudeste;2025;22;613;17;6952786.0;185063;45919049.0;2025-05-19
Sudeste;2025;23;998;4;6952786.0;185063;45919049.0;2025-05-26
Sudeste;2025;24;1754;24;6953761.0;185085;45919049.0;2025-06-02
Sudeste;2025;25;401;11;6953761.0;185085;45919049.0;2025-06-09
Sudeste;2025;26;943;28;6954087.0;185103;45919049.0;2025-06-16
Sudeste;2025;27;337;1;6954087.0;185103;45919049.0;2025-06-23
Sudeste;2025;28;1857;85;6954835.0;185174;45919049.0;2025-06-30
Sudeste;2025;29;833;13;6954835.0;185174;45919049.0;2025-07-07
Sudeste;2025;30;2927;28;6956699.0;185196;45919049.0;2025-07-14
Sudeste;2025;31;1444;31;6956972.0;185212;45919049.0;2025-07-21
Sudeste;2025;32;1102;1;6956972.0;185212;45919049.0;2025-07-28
Sudeste;2025;33;3043;14;6958344.0;185212;45919049.0;2025-08-04
Sudeste;2025;34;2040;11;6958344.0;185212;45919049.0;2025-08-11
Sudeste;2025;35;4338;13;6960637.0;185212;45919049.0;2025-08-18
Sudeste;2025;36;0;0;6960637.0;185212;45919049.0;2025-08-25
Sul;2020;9;0;0;0.0;0;11433957.0;2020-02-24
Sul;2020;10;0;0;0.0;0;11433957.0;2020-02-24
Sul;2020;11;16;0;6.0;0;11433957.0;2020-03-02
Sul;2020;12;138;0;60.0;0;11433957.0;2020-03-09
Sul;2020;13;372;5;197.0;2;11433957.0;2020-03-16
Sul;2020;14;622;12;410.0;6;11433957.0;2020-03-23
Sul;2020;15;911;45;732.0;26;11433957.0;2020-03-30
Sul;2020;16;693;39;962.0;46;11433957.0;2020-04-06
Sul;2020;17;710;44;1209.0;69;11433957.0;2020-04-13
Sul;2020;18;2035;59;2346.0;90;11433957.0;2020-04-20
Sul;2020;19;2176;62;3372.0;107;11433957.0;2020-04-27
Sul;2020;20;2976;70;4678.0;132;11433957.0;2020-05-04
Sul;2020;21;5613;94;6607.0;176;11433957.0;2020-05-11
Sul;2020;22;6278;105;9242.0;218;11433957.0;2020-05-18
Sul;2020;23;7541;146;12482.0;283;11433957.0;2020-05-25
Sul;2020;24;7274;168;14627.0;344;11433957.0;2020-06-01
Sul;2020;25;12811;247;19138.0;430;11433957.0;2020-06-08
Sul;2020;26;19110;350;25000.0;575;11433957.0;2020-06-15
Sul;2020;27;25716;429;31931.0;763;11433957.0;2020-06-22
Sul;2020;28;27677;586;42026.0;1016;11433957.0;2020-06-29
Sul;2020;29;31649;757;53553.0;1308;11433957.0;2020-07-06
Sul;2020;30;39553;890;67333.0;1653;11433957.0;2020-07-13
Sul;2020;31;44111;990;86922.0;1975;11433957.0;2020-07-20
Sul;2020;32;42916;963;104749.0;2346;11433957.0;2020-07-27
Sul;2020;33;44911;1047;120001.0;2665;11433957.0;2020-08-03
Sul;2020;34;37262;961;132008.0;3046;11433957.0;2020-08-10
Sul;2020;35;42902;807;146404.0;3385;11433957.0;2020-08-17
Sul;2020;36;75229;813;188361.0;3714;11433957.0;2020-08-24
Sul;2020;37;33179;706;197064.0;4039;11433957.0;2020-08-31
Sul;2020;38;37064;747;205250.0;4371;11433957.0;2020-09-07
Sul;2020;39;28608;596;212091.0;4615;11433957.0;2020-09-14
Sul;2020;40;33724;620;218633.0;4898;11433957.0;2020-09-21
Sul;2020;41;26410;487;226614.0;5135;11433957.0;2020-09-28
Sul;2020;42;24730;432;234765.0;5342;11433957.0;2020-10-05
Sul;2020;43;29898;469;244978.0;5581;11433957.0;2020-10-12
Sul;2020;44;34369;433;258940.0;5797;11433957.0;2020-10-19
Sul;2020;45;34433;426;273652.0;5990;11433957.0;2020-10-26
Sul;2020;46;55916;661;293802.0;6215;11433957.0;2020-11-02
Sul;2020;47;65798;578;323390.0;6487;11433957.0;2020-11-09
Sul;2020;48;76816;787;355950.0;6768;11433957.0;2020-11-16
Sul;2020;49;90238;993;393602.0;7166;11433957.0;2020-11-23
Sul;2020;50;85863;1107;426095.0;7578;11433957.0;2020-11-30
Sul;2020;51;111575;1340;457335.0;8072;11433957.0;2020-12-07
Sul;2020;52;72363;1105;478242.0;8452;11433957.0;2020-12-14
Sul;2020;53;49931;985;492583.0;8872;11433957.0;2020-12-21
Sul;2021;1;101184;1547;518805.0;9413;11433957.0;2020-12-28
Sul;2021;2;78288;1054;540342.0;9876;11433957.0;2021-01-04
Sul;2021;3;61269;928;557774.0;10299;11433957.0;2021-01-11
Sul;2021;4;62971;1257;575616.0;10663;11433957.0;2021-01-18
Sul;2021;5;55855;872;593172.0;10984;11433957.0;2021-01-25
Sul;2021;6;57315;931;611299.0;11355;11433957.0;2021-02-01
Sul;2021;7;69353;1007;636445.0;11753;11433957.0;2021-02-08
Sul;2021;8;100486;1492;668811.0;12343;11433957.0;2021-02-15
Sul;2021;9;122064;2326;705760.0;13370;11433957.0;2021-02-22
Sul;2021;10;139822;3393;757791.0;14885;11433957.0;2021-03-01
Sul;2021;11;118428;4140;794443.0;16814;11433957.0;2021-03-08
Sul;2021;12;111884;4101;833786.0;18680;11433957.0;2021-03-15
Sul;2021;13;76275;3659;859253.0;20436;11433957.0;2021-03-22
Sul;2021;14;73998;3942;890558.0;21864;11433957.0;2021-03-29
Sul;2021;15;74798;3148;920426.0;23121;11433957.0;2021-04-05
Sul;2021;16;67136;2772;948425.0;24152;11433957.0;2021-04-12
Sul;2021;17;74349;2519;979807.0;25086;11433957.0;2021-04-19
Sul;2021;18;76764;2477;1007208.0;25901;11433957.0;2021-04-26
Sul;2021;19;77438;1943;1031239.0;26657;11433957.0;2021-05-03
Sul;2021;20;88636;2013;1059503.0;27399;11433957.0;2021-05-10
Sul;2021;21;72875;1984;1089777.0;28105;11433957.0;2021-05-17
Sul;2021;22;71234;1712;1115638.0;28765;11433957.0;2021-05-24
Sul;2021;23;91276;2286;1148015.0;29613;11433957.0;2021-05-31
Sul;2021;24;100303;3005;1192936.0;30372;11433957.0;2021-06-07
Sul;2021;25;117979;1557;1264321.0;31077;11433957.0;2021-06-14
Sul;2021;26;74009;1814;1300485.0;31686;11433957.0;2021-06-21
Sul;2021;27;61316;1900;1324251.0;32398;11433957.0;2021-06-28
Sul;2021;28;52732;1966;1343827.0;33680;11433957.0;2021-07-05
Sul;2021;29;108129;1225;1360016.0;34264;11433957.0;2021-07-12
Sul;2021;30;46614;1472;1379001.0;35233;11433957.0;2021-07-19
Sul;2021;31;44418;974;1401131.0;35774;11433957.0;2021-07-26
Sul;2021;32;32558;1007;1414605.0;36432;11433957.0;2021-08-02
Sul;2021;33;46514;851;1440654.0;36911;11433957.0;2021-08-09
Sul;2021;34;30920;800;1454459.0;37365;11433957.0;2021-08-16
Sul;2021;35;24652;675;1466759.0;37721;11433957.0;2021-08-23
Sul;2021;36;22089;569;1476317.0;38027;11433957.0;2021-08-30
Sul;2021;37;23470;677;1488604.0;38407;11433957.0;2021-09-06
Sul;2021;38;37610;694;1502370.0;38837;11433957.0;2021-09-13
Sul;2021;39;26320;608;1515046.0;39161;11433957.0;2021-09-20
Sul;2021;40;25062;570;1526276.0;39510;11433957.0;2021-09-27
Sul;2021;41;18166;515;1534935.0;39793;11433957.0;2021-10-04
Sul;2021;42;20017;624;1544288.0;40186;11433957.0;2021-10-11
Sul;2021;43;23776;566;1553985.0;40503;11433957.0;2021-10-18
Sul;2021;44;18634;331;1561863.0;40611;11433957.0;2021-10-25
Sul;2021;45;17988;369;1568932.0;40706;11433957.0;2021-11-01
Sul;2021;46;11860;253;1572303.0;40749;11433957.0;2021-11-08
Sul;2021;47;14021;224;1577632.0;40771;11433957.0;2021-11-15
Sul;2021;48;12911;218;1581863.0;40807;11433957.0;2021-11-22
Sul;2021;49;11909;147;1587725.0;40829;11433957.0;2021-11-29
Sul;2021;50;6635;150;1592434.0;40855;11433957.0;2021-12-06
Sul;2021;51;3866;98;1594979.0;40877;11433957.0;2021-12-13
Sul;2021;52;14733;89;1598302.0;40889;11433957.0;2021-12-20
Sul;2021;53;10383;131;496524.0;8934;11433957.0;2020-12-28
Sul;2022;1;68284;96;1626381.0;40912;11433957.0;2021-12-27
Sul;2022;2;157899;103;1693867.0;40931;11433957.0;2022-01-03
Sul;2022;3;282274;259;1804018.0;40982;11433957.0;2022-01-10
Sul;2022;4;336432;602;1941986.0;41185;11433957.0;2022-01-17
Sul;2022;5;309093;768;2080186.0;41423;11433957.0;2022-01-24
Sul;2022;6;243713;932;2186697.0;41743;11433957.0;2022-01-31
Sul;2022;7;200473;825;2268412.0;42040;11433957.0;2022-02-07
Sul;2022;8;146229;786;2325021.0;42281;11433957.0;2022-02-14
Sul;2022;9;79636;527;2354860.0;42474;11433957.0;2022-02-21
Sul;2022;10;72631;505;2379905.0;42655;11433957.0;2022-02-28
Sul;2022;11;53409;375;2395931.0;42800;11433957.0;2022-03-07
Sul;2022;12;45303;237;2407125.0;42894;11433957.0;2022-03-14
Sul;2022;13;35756;161;2417504.0;42933;11433957.0;2022-03-21
Sul;2022;14;31219;147;2426507.0;42978;11433957.0;2022-03-28
Sul;2022;15;26871;127;2434237.0;43035;11433957.0;2022-04-04
Sul;2022;16;26935;108;2442595.0;43075;11433957.0;2022-04-11
Sul;2022;17;33912;101;2455420.0;43101;11433957.0;2022-04-18
Sul;2022;18;38152;86;2470510.0;43140;11433957.0;2022-04-25
Sul;2022;19;50250;124;2489143.0;43191;11433957.0;2022-05-02
Sul;2022;20;43745;125;2510336.0;43247;11433957.0;2022-05-09
Sul;2022;21;57032;148;2521915.0;43317;11433957.0;2022-05-16
Sul;2022;22;70906;183;2548210.0;43399;11433957.0;2022-05-23
Sul;2022;23;62336;274;2569772.0;43473;11433957.0;2022-05-30
Sul;2022;24;47517;191;2586384.0;43525;11433957.0;2022-06-06
Sul;2022;25;60447;302;2608725.0;43651;11433957.0;2022-06-13
Sul;2022;26;58358;324;2631251.0;43818;11433957.0;2022-06-20
Sul;2022;27;53431;385;2649452.0;44030;11433957.0;2022-06-27
Sul;2022;28;51463;341;2665907.0;44216;11433957.0;2022-07-04
Sul;2022;29;44837;276;2680215.0;44370;11433957.0;2022-07-11
Sul;2022;30;42577;261;2692520.0;44505;11433957.0;2022-07-18
Sul;2022;31;38279;266;2704187.0;44644;11433957.0;2022-07-25
Sul;2022;32;32981;375;2715889.0;44869;11433957.0;2022-08-01
Sul;2022;33;28668;172;2724678.0;44932;11433957.0;2022-08-08
Sul;2022;34;24851;272;2731877.0;45092;11433957.0;2022-08-15
Sul;2022;35;19667;147;2737312.0;45145;11433957.0;2022-08-22
Sul;2022;36;12915;103;2741166.0;45186;11433957.0;2022-08-29
Sul;2022;37;10555;126;2744258.0;45255;11433957.0;2022-09-05
Sul;2022;38;9359;111;2746689.0;45311;11433957.0;2022-09-12
Sul;2022;39;7475;92;2748520.0;45348;11433957.0;2022-09-19
Sul;2022;40;6336;60;2750019.0;45368;11433957.0;2022-09-26
Sul;2022;41;4857;47;2750989.0;45378;11433957.0;2022-10-03
Sul;2022;42;6249;49;2752192.0;45412;11433957.0;2022-10-10
Sul;2022;43;6323;41;2753364.0;45439;11433957.0;2022-10-17
Sul;2022;44;4511;30;2754310.0;45454;11433957.0;2022-10-24
Sul;2022;45;7977;24;2756167.0;45458;11433957.0;2022-10-31
Sul;2022;46;13770;34;2760620.0;45465;11433957.0;2022-11-07
Sul;2022;47;27635;67;2771289.0;45490;11433957.0;2022-11-14
Sul;2022;48;42548;77;2786601.0;45523;11433957.0;2022-11-21
Sul;2022;49;53471;117;2804624.0;45569;11433957.0;2022-11-28
Sul;2022;50;66402;129;2834101.0;45621;11433957.0;2022-12-05
Sul;2022;51;57660;147;2863136.0;45671;11433957.0;2022-12-12
Sul;2022;52;56159;147;2895571.0;45718;11433957.0;2021-12-27
Sul;2023;1;40684;206;3089762.0;46758;11433957.0;2022-12-26
Sul;2023;2;42808;137;2931576.0;45873;11433957.0;2023-01-02
Sul;2023;3;21395;155;2940791.0;45929;11433957.0;2023-01-09
Sul;2023;4;12549;57;2947133.0;45957;11433957.0;2023-01-16
Sul;2023;5;8866;108;2951318.0;45962;11433957.0;2023-01-23
Sul;2023;6;7464;55;2953628.0;45973;11433957.0;2023-01-30
Sul;2023;7;6763;36;2956658.0;45973;11433957.0;2023-02-06
Sul;2023;8;5489;51;2958495.0;46004;11433957.0;2023-02-13
Sul;2023;9;10325;35;2962414.0;46022;11433957.0;2023-02-20
Sul;2023;10;10042;26;2966100.0;46033;11433957.0;2023-02-27
Sul;2023;11;19645;32;2974090.0;46051;11433957.0;2023-03-06
Sul;2023;12;14795;64;2982783.0;46085;11433957.0;2023-03-13
Sul;2023;13;14861;32;2991258.0;46094;11433957.0;2023-03-20
Sul;2023;14;15278;86;3001676.0;46147;11433957.0;2023-03-27
Sul;2023;15;15314;101;3012467.0;46200;11433957.0;2023-04-03
Sul;2023;16;11496;102;3020490.0;46253;11433957.0;2023-04-10
Sul;2023;17;9792;119;3027358.0;46322;11433957.0;2023-04-17
Sul;2023;18;6917;58;3032069.0;46338;11433957.0;2023-04-24
Sul;2023;19;7763;52;3036116.0;46344;11433957.0;2023-05-01
Sul;2023;20;6039;37;3039495.0;46344;11433957.0;2023-05-08
Sul;2023;21;5203;49;3041975.0;46353;11433957.0;2023-05-15
Sul;2023;22;4347;61;3043635.0;46381;11433957.0;2023-05-22
Sul;2023;23;2869;49;3044735.0;46396;11433957.0;2023-05-29
Sul;2023;24;3260;43;3045990.0;46398;11433957.0;2023-06-05
Sul;2023;25;2978;38;3047205.0;46417;11433957.0;2023-06-12
Sul;2023;26;2488;31;3048390.0;46419;11433957.0;2023-06-19
Sul;2023;27;1708;25;3049322.0;46428;11433957.0;2023-06-26
Sul;2023;28;1386;24;3049896.0;46435;11433957.0;2023-07-03
Sul;2023;29;1493;39;3050534.0;46441;11433957.0;2023-07-10
Sul;2023;30;941;7;3050534.0;46445;11433957.0;2023-07-17
Sul;2023;31;2925;16;3051755.0;46450;11433957.0;2023-07-24
Sul;2023;32;1348;22;3052193.0;46459;11433957.0;2023-07-31
Sul;2023;33;1464;17;3052689.0;46464;11433957.0;2023-08-07
Sul;2023;34;1862;33;3053246.0;46493;11433957.0;2023-08-14
Sul;2023;35;1554;5;3053735.0;46493;11433957.0;2023-08-21
Sul;2023;36;1355;44;3054250.0;46492;11433957.0;2023-08-28
Sul;2023;37;2452;9;3054988.0;46499;11433957.0;2023-09-04
Sul;2023;38;2814;28;3055788.0;46517;11433957.0;2023-09-11
Sul;2023;39;3292;25;3056732.0;46531;11433957.0;2023-09-18
Sul;2023;40;3849;16;3057745.0;46537;11433957.0;2023-09-25
Sul;2023;41;3938;32;3059081.0;46566;11433957.0;2023-10-02
Sul;2023;42;7552;48;3061643.0;46611;11433957.0;2023-10-09
Sul;2023;43;12405;87;3065310.0;46669;11433957.0;2023-10-16
Sul;2023;44;8203;40;3068773.0;46696;11433957.0;2023-10-23
Sul;2023;45;11458;65;3072778.0;46731;11433957.0;2023-10-30
Sul;2023;46;8552;52;3075779.0;46758;11433957.0;2023-11-06
Sul;2023;47;5349;35;3078764.0;46758;11433957.0;2023-11-13
Sul;2023;48;4674;19;3081637.0;46758;11433957.0;2023-11-20
Sul;2023;49;3669;28;3083803.0;46758;11433957.0;2023-11-27
Sul;2023;50;3718;18;3085837.0;46758;11433957.0;2023-12-04
Sul;2023;51;1156;6;3085837.0;46758;11433957.0;2023-12-11
Sul;2023;52;4658;31;3089762.0;46758;11433957.0;2023-12-18
Sul;2024;1;2439;14;3157061.0;47106;11433957.0;2024-01-01
Sul;2024;2;6306;49;3092921.0;46793;11433957.0;2024-01-01
Sul;2024;3;3196;28;3094151.0;46808;11433957.0;2024-01-08
Sul;2024;4;3932;34;3095548.0;46826;11433957.0;2024-01-15
Sul;2024;5;4983;26;3097480.0;46844;11433957.0;2024-01-22
Sul;2024;6;3766;22;3097480.0;46860;11433957.0;2024-01-29
Sul;2024;7;6929;65;3101370.0;46868;11433957.0;2024-02-05
Sul;2024;8;11048;28;3105218.0;46872;11433957.0;2024-02-12
Sul;2024;9;13400;30;3110986.0;46882;11433957.0;2024-02-19
Sul;2024;10;14411;21;3118025.0;46882;11433957.0;2024-02-26
Sul;2024;11;13205;49;3124933.0;46906;11433957.0;2024-03-04
Sul;2024;12;8746;61;3129343.0;46916;11433957.0;2024-03-11
Sul;2024;13;3416;16;3129343.0;46921;11433957.0;2024-03-18
Sul;2024;14;7838;63;3134185.0;46930;11433957.0;2024-03-25
Sul;2024;15;3470;18;3135418.0;46930;11433957.0;2024-04-01
Sul;2024;16;932;8;3135418.0;46937;11433957.0;2024-04-08
Sul;2024;17;2398;37;3137025.0;46939;11433957.0;2024-04-15
Sul;2024;18;1234;14;3137589.0;46944;11433957.0;2024-04-22
Sul;2024;19;625;2;3137589.0;46946;11433957.0;2024-04-29
Sul;2024;20;1003;12;3137589.0;46949;11433957.0;2024-05-06
Sul;2024;21;743;-17;3137589.0;46949;11433957.0;2024-05-13
Sul;2024;22;834;15;3137840.0;46933;11433957.0;2024-05-20
Sul;2024;23;734;8;3137933.0;46933;11433957.0;2024-05-27
Sul;2024;24;488;23;3137958.0;46935;11433957.0;2024-06-03
Sul;2024;25;859;12;3138146.0;46941;11433957.0;2024-06-10
Sul;2024;26;610;12;3138340.0;46945;11433957.0;2024-06-17
Sul;2024;27;649;6;3138540.0;46947;11433957.0;2024-06-24
Sul;2024;28;581;3;3138657.0;46947;11433957.0;2024-07-01
Sul;2024;29;717;0;3138807.0;46947;11433957.0;2024-07-08
Sul;2024;30;708;-1;3139046.0;46947;11433957.0;2024-07-15
Sul;2024;31;125;2;3139171.0;46946;11433957.0;2024-07-22
Sul;2024;32;1071;6;3139171.0;46951;11433957.0;2024-07-29
Sul;2024;33;341;3;3139413.0;46951;11433957.0;2024-08-05
Sul;2024;34;2029;-3;3139568.0;46951;11433957.0;2024-08-12
Sul;2024;35;714;-2;3139634.0;46945;11433957.0;2024-08-19
Sul;2024;36;1273;18;3139873.0;46955;11433957.0;2024-08-26
Sul;2024;37;1073;6;3140217.0;46959;11433957.0;2024-09-02
Sul;2024;38;2580;68;3140656.0;47019;11433957.0;2024-09-09
Sul;2024;39;2045;1;3141418.0;47019;11433957.0;2024-09-16
Sul;2024;40;553;9;3141967.0;47015;11433957.0;2024-09-23
Sul;2024;41;1613;15;3142699.0;47015;11433957.0;2024-09-30
Sul;2024;42;1423;5;3143558.0;47015;11433957.0;2024-10-07
Sul;2024;43;3996;9;3144616.0;47021;11433957.0;2024-10-14
Sul;2024;44;1727;26;3144956.0;47029;11433957.0;2024-10-21
Sul;2024;45;4083;4;3147397.0;47030;11433957.0;2024-10-28
Sul;2024;46;2520;1;3148629.0;47031;11433957.0;2024-11-04
Sul;2024;47;2738;48;3150006.0;47044;11433957.0;2024-11-11
Sul;2024;48;5466;24;3151325.0;47052;11433957.0;2024-11-18
Sul;2024;49;3092;63;3152775.0;47106;11433957.0;2024-11-25
Sul;2024;50;2480;15;3154259.0;47106;11433957.0;2024-12-02
Sul;2024;51;697;2;3154259.0;47106;11433957.0;2024-12-09
Sul;2024;52;3100;38;3157061.0;47106;11433957.0;2024-12-16
Sul;2025;1;154;12;3157174.0;47106;11433957.0;2024-12-30
Sul;2025;2;2370;-23;3158410.0;47106;11433957.0;2024-12-30
Sul;2025;3;1618;6;3159283.0;47078;11433957.0;2025-01-06
Sul;2025;4;863;23;3159839.0;47070;11433957.0;2025-01-13
Sul;2025;5;688;12;3160252.0;47070;11433957.0;2025-01-20
Sul;2025;6;632;4;3160590.0;47070;11433957.0;2025-01-27
Sul;2025;7;1477;18;3160996.0;47079;11433957.0;2025-02-03
Sul;2025;8;1535;11;3161321.0;47080;11433957.0;2025-02-10
Sul;2025;9;2161;13;3161634.0;47082;11433957.0;2025-02-17
Sul;2025;10;1000;7;3162117.0;47082;11433957.0;2025-02-24
Sul;2025;11;812;10;3162568.0;47082;11433957.0;2025-03-03
Sul;2025;12;848;7;3163143.0;47082;11433957.0;2025-03-10
Sul;2025;13;644;7;3163584.0;47082;11433957.0;2025-03-17
Sul;2025;14;421;4;3163903.0;47082;11433957.0;2025-03-24
Sul;2025;15;266;21;3164091.0;47082;11433957.0;2025-03-31
Sul;2025;16;291;1;3164256.0;47082;11433957.0;2025-04-07
Sul;2025;17;243;8;3164436.0;47082;11433957.0;2025-04-14
Sul;2025;18;166;4;3164561.0;47082;11433957.0;2025-04-21
Sul;2025;19;216;2;3164720.0;47082;11433957.0;2025-04-28
Sul;2025;20;220;0;3164864.0;47082;11433957.0;2025-05-05
Sul;2025;21;347;-1;3165074.0;47082;11433957.0;2025-05-12
Sul;2025;22;310;3;3165306.0;47082;11433957.0;2025-05-19
Sul;2025;23;176;7;3165400.0;47082;11433957.0;2025-05-26
Sul;2025;24;314;2;3165505.0;47082;11433957.0;2025-06-02
Sul;2025;25;229;2;3165643.0;47082;11433957.0;2025-06-09
Sul;2025;26;242;4;3165771.0;47082;11433957.0;2025-06-16
Sul;2025;27;187;5;3165868.0;47082;11433957.0;2025-06-23
Sul;2025;28;232;1;3165999.0;47082;11433957.0;2025-06-30
Sul;2025;29;146;0;3166085.0;47082;11433957.0;2025-07-07
Sul;2025;30;156;0;3166172.0;47082;11433957.0;2025-07-14
Sul;2025;31;202;3;3166286.0;47082;11433957.0;2025-07-21
Sul;2025;32;289;2;3166390.0;47082;11433957.0;2025-07-28
Sul;2025;33;426;0;3166549.0;47082;11433957.0;2025-08-04
Sul;2025;34;524;0;3166765.0;47082;11433957.0;2025-08-11
Sul;2025;35;618;2;3167035.0;47082;11433957.0;2025-08-18
Sul;2025;36;0;0;3167035.0;47082;11433957.0;2025-08-25
