ano;semanaEpi;casosNovos;obitosNovos;casosAcumulado;obitosAcumulado;populacao;data_inicio
2020;9;2;0;2.0;0;210147125.0;2020-02-24
2020;10;17;0;19.0;0;210147125.0;2020-02-24
2020;11;102;0;121.0;0;210147125.0;2020-03-02
2020;12;1007;18;1128.0;18;210147125.0;2020-03-09
2020;13;2775;96;3903.0;114;210147125.0;2020-03-16
2020;14;6375;318;10278.0;432;210147125.0;2020-03-23
2020;15;10449;692;20727.0;1124;210147125.0;2020-03-30
2020;16;15872;1223;36599.0;2347;210147125.0;2020-04-06
2020;17;21910;1669;58509.0;4016;210147125.0;2020-04-13
2020;18;37887;2708;96396.0;6724;210147125.0;2020-04-20
2020;19;59543;3903;155939.0;10627;210147125.0;2020-04-27
2020;20;77203;5006;233142.0;15633;210147125.0;2020-05-04
2020;21;114256;6380;347398.0;22013;210147125.0;2020-05-11
2020;22;151042;6821;498440.0;28834;210147125.0;2020-05-18
2020;23;174406;7096;672846.0;35930;210147125.0;2020-05-25
2020;24;177668;6790;850514.0;42720;210147125.0;2020-06-01
2020;25;217065;7256;1067579.0;49976;210147125.0;2020-06-08
2020;26;246088;7094;1313667.0;57070;210147125.0;2020-06-15
2020;27;263337;7195;1577004.0;64265;210147125.0;2020-06-22
2020;28;262846;7204;1839850.0;71469;210147125.0;2020-06-29
2020;29;235010;7303;2074860.0;78772;210147125.0;2020-07-06
2020;30;319653;7677;2394513.0;86449;210147125.0;2020-07-13
2020;31;313364;7114;2707877.0;93563;210147125.0;2020-07-20
2020;32;304535;6914;3012412.0;100477;210147125.0;2020-07-27
2020;33;304684;6755;3317096.0;107232;210147125.0;2020-08-03
2020;34;265266;7018;3582362.0;114250;210147125.0;2020-08-10
2020;35;263791;6212;3846153.0;120462;210147125.0;2020-08-17
2020;36;276847;5741;4123000.0;126203;210147125.0;2020-08-24
2020;37;192687;5007;4315687.0;131210;210147125.0;2020-08-31
2020;38;212553;5322;4528240.0;136532;210147125.0;2020-09-07
2020;39;189751;4874;4717991.0;141406;210147125.0;2020-09-14
2020;40;188842;4581;4906833.0;145987;210147125.0;2020-09-21
2020;41;175804;4211;5082637.0;150198;210147125.0;2020-09-28
2020;42;141725;3477;5224362.0;153675;210147125.0;2020-10-05
2020;43;156273;3228;5380635.0;156903;210147125.0;2020-10-12
2020;44;154970;2981;5535605.0;159884;210147125.0;2020-10-19
2020;45;117956;2385;5653561.0;162269;210147125.0;2020-10-26
2020;46;195398;3389;5848959.0;165658;210147125.0;2020-11-02
2020;47;203827;3331;6052786.0;168989;210147125.0;2020-11-09
2020;48;237486;3572;6290272.0;172561;210147125.0;2020-11-16
2020;49;286905;4067;6577177.0;176628;210147125.0;2020-11-23
2020;50;302950;4495;6880127.0;181123;210147125.0;2020-11-30
2020;51;333028;5233;7213155.0;186356;210147125.0;2020-12-07
2020;52;252651;4439;7465806.0;190795;210147125.0;2020-12-14
2020;53;210167;4154;7675973.0;194949;210147125.0;2020-12-21
2021;1;359593;6906;8075998.0;202631;210147125.0;2020-12-28
2021;2;379061;6665;8455059.0;209296;210147125.0;2021-01-04
2021;3;361195;7149;8816254.0;216445;210147125.0;2021-01-11
2021;4;360721;7500;9176975.0;223945;210147125.0;2021-01-18
2021;5;320820;7067;9497795.0;231012;210147125.0;2021-01-25
2021;6;311959;7520;9809754.0;238532;210147125.0;2021-02-01
2021;7;329394;7445;10139148.0;245977;210147125.0;2021-02-08
2021;8;378084;8244;10517232.0;254221;210147125.0;2021-02-15
2021;9;421604;10104;10938836.0;264325;210147125.0;2021-02-22
2021;10;500722;12777;11439558.0;277102;210147125.0;2021-03-01
2021;11;510901;15650;11950459.0;292752;210147125.0;2021-03-08
2021;12;539903;17798;12490362.0;310550;210147125.0;2021-03-15
2021;13;463235;19643;12953597.0;330193;210147125.0;2021-03-22
2021;14;491409;21141;13445006.0;351334;210147125.0;2021-03-29
2021;15;455085;20344;13900091.0;371678;210147125.0;2021-04-05
2021;16;408124;17814;14308215.0;389492;210147125.0;2021-04-12
2021;17;417760;16945;14725975.0;406437;210147125.0;2021-04-19
2021;18;419904;14879;15145879.0;421316;210147125.0;2021-04-26
2021;19;440655;13399;15586534.0;434715;210147125.0;2021-05-03
2021;20;460905;13493;16047439.0;448208;210147125.0;2021-05-10
2021;21;424161;12849;16471600.0;461057;210147125.0;2021-05-17
2021;22;435825;11474;16907425.0;472531;210147125.0;2021-05-24
2021;23;467393;13741;17374818.0;486272;210147125.0;2021-05-31
2021;24;508932;14528;17883750.0;500800;210147125.0;2021-06-07
2021;25;503144;11935;18386894.0;512735;210147125.0;2021-06-14
2021;26;355131;10852;18742025.0;523587;210147125.0;2021-06-21
2021;27;326978;9306;19069003.0;532893;210147125.0;2021-06-28
2021;28;273445;8373;19342448.0;541266;210147125.0;2021-07-05
2021;29;328086;8182;19670534.0;549448;210147125.0;2021-07-12
2021;30;247321;6922;19917855.0;556370;210147125.0;2021-07-19
2021;31;233924;6382;20151779.0;562752;210147125.0;2021-07-26
2021;32;198363;6036;20350142.0;568788;210147125.0;2021-08-02
2021;33;206345;5421;20556487.0;574209;210147125.0;2021-08-09
2021;34;172118;4801;20728605.0;579010;210147125.0;2021-08-16
2021;35;149259;4352;20877864.0;583362;210147125.0;2021-08-23
2021;36;111300;3196;20989164.0;586558;210147125.0;2021-08-30
2021;37;241161;3950;21230325.0;590508;210147125.0;2021-09-06
2021;38;112979;3692;21343304.0;594200;210147125.0;2021-09-13
2021;39;115813;3523;21459117.0;597723;210147125.0;2021-09-20
2021;40;108064;3106;21567181.0;600829;210147125.0;2021-09-27
2021;41;71545;2323;21638726.0;603152;210147125.0;2021-10-04
2021;42;84833;2305;21723559.0;605457;210147125.0;2021-10-11
2021;43;80535;2237;21804094.0;607694;210147125.0;2021-10-18
2021;44;70230;1694;21874324.0;609388;210147125.0;2021-10-25
2021;45;79514;1834;21953838.0;611222;210147125.0;2021-11-01
2021;46;58312;1365;22012150.0;612587;210147125.0;2021-11-08
2021;47;64713;1599;22076863.0;614186;210147125.0;2021-11-15
2021;48;61384;1384;22138247.0;615570;210147125.0;2021-11-22
2021;49;49932;1174;22188179.0;616744;210147125.0;2021-11-29
2021;50;24164;1010;22212343.0;617754;210147125.0;2021-12-06
2021;51;22283;670;22234626.0;618424;210147125.0;2021-12-13
2021;52;52895;632;22287521.0;619056;210147125.0;2021-12-20
2021;53;40432;776;7716405.0;195725;210147125.0;2020-12-28
2022;1;208018;832;22499525.0;619937;210147125.0;2021-12-27
2022;2;476198;1034;22975723.0;620971;210147125.0;2022-01-03
2022;3;933452;1830;23909175.0;622801;210147125.0;2022-01-10
2022;4;1305447;3723;25214622.0;626524;210147125.0;2022-01-17
2022;5;1258651;5278;26473273.0;631802;210147125.0;2022-01-24
2022;6;952470;6246;27425743.0;638048;210147125.0;2022-01-31
2022;7;741844;5832;28167587.0;643880;210147125.0;2022-02-07
2022;8;576463;5033;28744050.0;648913;210147125.0;2022-02-14
2022;9;289002;3014;29033052.0;651927;210147125.0;2022-02-21
2022;10;317082;3018;29350134.0;654945;210147125.0;2022-02-28
2022;11;267132;2157;29617266.0;657102;210147125.0;2022-03-07
2022;12;214913;1660;29832179.0;658762;210147125.0;2022-03-14
2022;13;160048;1346;29992227.0;660108;210147125.0;2022-03-21
2022;14;152965;1112;30145192.0;661220;210147125.0;2022-03-28
2022;15;104885;718;30250077.0;661938;210147125.0;2022-04-04
2022;16;95577;672;30345654.0;662610;210147125.0;2022-04-11
2022;17;102582;887;30448236.0;663497;210147125.0;2022-04-18
2022;18;110294;629;30558530.0;664126;210147125.0;2022-04-25
2022;19;123564;746;30682094.0;664872;210147125.0;2022-05-02
2022;20;96513;656;30778607.0;665528;210147125.0;2022-05-09
2022;21;166777;863;30945384.0;666391;210147125.0;2022-05-16
2022;22;207685;606;31153069.0;666997;210147125.0;2022-05-23
2022;23;292068;1077;31445137.0;668074;210147125.0;2022-05-30
2022;24;248365;936;31693502.0;669010;210147125.0;2022-06-06
2022;25;368457;1359;32061959.0;670369;210147125.0;2022-06-13
2022;26;409888;1489;32471847.0;671858;210147125.0;2022-06-20
2022;27;402654;1696;32874501.0;673554;210147125.0;2022-06-27
2022;28;415765;1741;33290266.0;675295;210147125.0;2022-07-04
2022;29;291267;1632;33581533.0;676927;210147125.0;2022-07-11
2022;30;232054;1559;33813587.0;678486;210147125.0;2022-07-18
2022;31;197586;1453;34011173.0;679939;210147125.0;2022-07-25
2022;32;154684;1461;34165857.0;681400;210147125.0;2022-08-01
2022;33;113928;1102;34279785.0;682502;210147125.0;2022-08-08
2022;34;101510;970;34381295.0;683472;210147125.0;2022-08-15
2022;35;86572;882;34467867.0;684354;210147125.0;2022-08-22
2022;36;58281;499;34526148.0;684853;210147125.0;2022-08-29
2022;37;55915;481;34582063.0;685334;210147125.0;2022-09-05
2022;38;48931;448;34630994.0;685782;210147125.0;2022-09-12
2022;39;47516;472;34678510.0;686254;210147125.0;2022-09-19
2022;40;40515;588;34719025.0;686842;210147125.0;2022-09-26
2022;41;29653;311;34748678.0;687153;210147125.0;2022-10-03
2022;42;33472;413;34782150.0;687566;210147125.0;2022-10-10
2022;43;41919;525;34824069.0;688091;210147125.0;2022-10-17
2022;44;26304;251;34850373.0;688342;210147125.0;2022-10-24
2022;45;61564;312;34911937.0;688656;210147125.0;2022-10-31
2022;46;95272;266;35007209.0;688920;210147125.0;2022-11-07
2022;47;155795;548;35163004.0;689468;210147125.0;2022-11-14
2022;48;198769;641;35361773.0;690109;210147125.0;2022-11-21
2022;49;208988;638;35570761.0;690747;210147125.0;2022-11-28
2022;50;321349;1116;35892110.0;691863;210147125.0;2022-12-05
2022;51;232227;880;36124337.0;692743;210147125.0;2022-12-12
2022;52;210930;1159;36331281.0;693853;210147125.0;2021-12-27
2023;1;157105;953;38210864.0;708638;210147125.0;2022-12-26
2023;2;136328;532;36624714.0;695338;210147125.0;2023-01-02
2023;3;92787;916;36717501.0;696254;210147125.0;2023-01-09
2023;4;76277;503;36793778.0;696757;210147125.0;2023-01-16
2023;5;74441;603;36868219.0;697360;210147125.0;2023-01-23
2023;6;64313;314;36932532.0;697674;210147125.0;2023-01-30
2023;7;56841;382;36989373.0;698056;210147125.0;2023-02-06
2023;8;34092;890;37023465.0;698946;210147125.0;2023-02-13
2023;9;62055;364;37085520.0;699310;210147125.0;2023-02-20
2023;10;59994;324;37145514.0;699634;210147125.0;2023-02-27
2023;11;59163;283;37204677.0;699917;210147125.0;2023-03-06
2023;12;53986;322;37258663.0;700239;210147125.0;2023-03-13
2023;13;60591;317;37319254.0;700556;210147125.0;2023-03-20
2023;14;38838;255;37358092.0;700811;210147125.0;2023-03-27
2023;15;49140;404;37407232.0;701215;210147125.0;2023-04-03
2023;16;42186;279;37449418.0;701494;210147125.0;2023-04-10
2023;17;38553;339;37487971.0;701833;210147125.0;2023-04-17
2023;18;23950;283;37511921.0;702116;210147125.0;2023-04-24
2023;19;41416;305;37553337.0;702421;210147125.0;2023-05-01
2023;20;25691;243;37579028.0;702664;210147125.0;2023-05-08
2023;21;22229;243;37601257.0;702907;210147125.0;2023-05-15
2023;22;24659;384;37625916.0;703291;210147125.0;2023-05-22
2023;23;13408;108;37639324.0;703399;210147125.0;2023-05-29
2023;24;16726;320;37656050.0;703719;210147125.0;2023-06-05
2023;25;15370;245;37671420.0;703964;210147125.0;2023-06-12
2023;26;11240;195;37682660.0;704159;210147125.0;2023-06-19
2023;27;10846;161;37693506.0;704320;210147125.0;2023-06-26
2023;28;11092;168;37704598.0;704488;210147125.0;2023-07-03
2023;29;12464;171;37717062.0;704659;210147125.0;2023-07-10
2023;30;11353;135;37728415.0;704794;210147125.0;2023-07-17
2023;31;10642;103;37739057.0;704897;210147125.0;2023-07-24
2023;32;11332;157;37750389.0;705054;210147125.0;2023-07-31
2023;33;8156;116;37758545.0;705170;210147125.0;2023-08-07
2023;34;13161;143;37771706.0;705313;210147125.0;2023-08-14
2023;35;12149;-141;37783855.0;705313;210147125.0;2023-08-21
2023;36;5185;322;37789040.0;705494;210147125.0;2023-08-28
2023;37;-10918;151;37789040.0;705645;210147125.0;2023-09-04
2023;38;18834;130;37796956.0;705775;210147125.0;2023-09-11
2023;39;30956;187;37827912.0;705962;210147125.0;2023-09-18
2023;40;22007;180;37849919.0;706142;210147125.0;2023-09-25
2023;41;8695;134;37858614.0;706276;210147125.0;2023-10-02
2023;42;47099;255;37905713.0;706531;210147125.0;2023-10-09
2023;43;44231;277;37949944.0;706808;210147125.0;2023-10-16
2023;44;44412;178;37994356.0;706986;210147125.0;2023-10-23
2023;45;27921;300;38022277.0;707286;210147125.0;2023-10-30
2023;46;26496;184;38048773.0;707470;210147125.0;2023-11-06
2023;47;29638;319;38078411.0;707789;210147125.0;2023-11-13
2023;48;28222;232;38106633.0;708021;210147125.0;2023-11-20
2023;49;24042;216;38130675.0;708237;210147125.0;2023-11-27
2023;50;29997;136;38160672.0;708373;210147125.0;2023-12-04
2023;51;16703;118;38177375.0;708491;210147125.0;2023-12-11
2023;52;33489;147;38210864.0;708638;210147125.0;2023-12-18
2024;1;19950;101;39073544.0;714597;210147125.0;2024-01-01
2024;2;34050;260;38264864.0;708999;210147125.0;2024-01-01
2024;3;38456;196;38303320.0;709195;210147125.0;2024-01-08
2024;4;34833;212;38338153.0;709407;210147125.0;2024-01-15
2024;5;36154;194;38374307.0;709601;210147125.0;2024-01-22
2024;6;33020;164;38407327.0;709765;210147125.0;2024-01-29
2024;7;45177;198;38452504.0;709963;210147125.0;2024-02-05
2024;8;69234;211;38521738.0;710174;210147125.0;2024-02-12
2024;9;70572;253;38592310.0;710427;210147125.0;2024-02-19
2024;10;53873;277;38646183.0;710704;210147125.0;2024-02-26
2024;11;48038;262;38694221.0;710966;210147125.0;2024-03-04
2024;12;35615;283;38729836.0;711249;210147125.0;2024-03-11
2024;13;14082;131;38743918.0;711380;210147125.0;2024-03-18
2024;14;14054;122;38757972.0;711502;210147125.0;2024-03-25
2024;15;19870;148;38777842.0;711650;210147125.0;2024-04-01
2024;16;6165;142;38784007.0;711792;210147125.0;2024-04-08
2024;17;7990;172;38791997.0;711964;210147125.0;2024-04-15
2024;18;3969;74;38795966.0;712038;210147125.0;2024-04-22
2024;19;6849;52;38802815.0;712090;210147125.0;2024-04-29
2024;20;3807;115;38806622.0;712205;210147125.0;2024-05-06
2024;21;8493;53;38815115.0;712258;210147125.0;2024-05-13
2024;22;4707;66;38819822.0;712324;210147125.0;2024-05-20
2024;23;3364;25;38823186.0;712349;210147125.0;2024-05-27
2024;24;1102;31;38824288.0;712380;210147125.0;2024-06-03
2024;25;3971;122;38828259.0;712502;210147125.0;2024-06-10
2024;26;4654;35;38832913.0;712537;210147125.0;2024-06-17
2024;27;3198;15;38836111.0;712552;210147125.0;2024-06-24
2024;28;3901;19;38840012.0;712571;210147125.0;2024-07-01
2024;29;6226;149;38846238.0;712720;210147125.0;2024-07-08
2024;30;3923;49;38850161.0;712769;210147125.0;2024-07-15
2024;31;3914;12;38854075.0;712781;210147125.0;2024-07-22
2024;32;9270;108;38863345.0;712889;210147125.0;2024-07-29
2024;33;3663;68;38867008.0;712957;210147125.0;2024-08-05
2024;34;16857;69;38883865.0;713026;210147125.0;2024-08-12
2024;35;7180;89;38891045.0;713115;210147125.0;2024-08-19
2024;36;16722;62;38907767.0;713177;210147125.0;2024-08-26
2024;37;7603;28;38915370.0;713205;210147125.0;2024-09-02
2024;38;18902;305;38934272.0;713510;210147125.0;2024-09-09
2024;39;13578;80;38947850.0;713590;210147125.0;2024-09-16
2024;40;5663;36;38953513.0;713626;210147125.0;2024-09-23
2024;41;14755;169;38968268.0;713795;210147125.0;2024-09-30
2024;42;5564;65;38973832.0;713860;210147125.0;2024-10-07
2024;43;10271;106;38984103.0;713966;210147125.0;2024-10-14
2024;44;7706;112;38991809.0;714078;210147125.0;2024-10-21
2024;45;10256;36;39002065.0;714114;210147125.0;2024-10-28
2024;46;6930;13;39008995.0;714127;210147125.0;2024-11-04
2024;47;8518;83;39017513.0;714210;210147125.0;2024-11-11
2024;48;12726;96;39030239.0;714306;210147125.0;2024-11-18
2024;49;20287;73;39050526.0;714379;210147125.0;2024-11-25
2024;50;12962;92;39063488.0;714471;210147125.0;2024-12-02
2024;51;3966;35;39067454.0;714506;210147125.0;2024-12-09
2024;52;6090;91;39073544.0;714597;210147125.0;2024-12-16
2025;1;16504;-63;39090048.0;714597;210147125.0;2024-12-30
2025;2;23512;1;39113560.0;714535;210147125.0;2024-12-30
2025;3;17697;201;39131257.0;714736;210147125.0;2025-01-06
2025;4;15133;109;39146390.0;714845;210147125.0;2025-01-13
2025;5;12990;114;39159380.0;714959;210147125.0;2025-01-20
2025;6;8865;67;39168245.0;715026;210147125.0;2025-01-27
2025;7;13709;82;39181954.0;715108;210147125.0;2025-02-03
2025;8;22097;153;39204051.0;715261;210147125.0;2025-02-10
2025;9;6354;34;39210405.0;715295;210147125.0;2025-02-17
2025;10;11467;193;39221872.0;715488;210147125.0;2025-02-24
2025;11;10938;122;39232810.0;715610;210147125.0;2025-03-03
2025;12;5172;46;39237982.0;715656;210147125.0;2025-03-10
2025;13;3779;33;39241761.0;715689;210147125.0;2025-03-17
2025;14;7477;144;39249238.0;715833;210147125.0;2025-03-24
2025;15;1838;25;39251076.0;715858;210147125.0;2025-03-31
2025;16;2788;171;39253864.0;716029;210147125.0;2025-04-07
2025;17;2228;46;39256092.0;716075;210147125.0;2025-04-14
2025;18;2470;61;39258562.0;716136;210147125.0;2025-04-21
2025;19;12909;17;39271471.0;716153;210147125.0;2025-04-28
2025;20;2781;39;39274252.0;716192;210147125.0;2025-05-05
2025;21;2246;24;39276498.0;716216;210147125.0;2025-05-12
2025;22;2592;22;39279090.0;716238;210147125.0;2025-05-19
2025;23;1426;16;39280516.0;716254;210147125.0;2025-05-26
2025;24;2681;40;39283197.0;716294;210147125.0;2025-06-02
2025;25;1260;17;39284457.0;716311;210147125.0;2025-06-09
2025;26;1579;35;39286036.0;716346;210147125.0;2025-06-16
2025;27;1276;12;39287312.0;716358;210147125.0;2025-06-23
2025;28;3006;90;39290318.0;716448;210147125.0;2025-06-30
2025;29;1227;30;39291545.0;716478;210147125.0;2025-07-07
2025;30;3498;31;39295043.0;716509;210147125.0;2025-07-14
2025;31;2892;44;39297935.0;716553;210147125.0;2025-07-21
2025;32;2261;16;39300196.0;716569;210147125.0;2025-07-28
2025;33;5240;18;39305436.0;716587;210147125.0;2025-08-04
2025;34;4721;21;39310157.0;716608;210147125.0;2025-08-11
2025;35;8070;18;39318227.0;716626;210147125.0;2025-08-18
2025;36;0;0;39318227.0;716626;210147125.0;2025-08-25
